Id,Start,Name,Impact,Currency
9ce0919a-a156-4bdc-83c4-d51ec01e7271,12/31/2020 23:00:00,New Year's Day,NONE,GBP
d1dc59c0-33fa-4141-b9a8-794676930677,12/31/2020 23:00:00,New Year's Day,NONE,EUR
3d9a82bb-7709-4648-b359-2169d11b46a3,12/31/2020 23:00:00,New Year's Day,NONE,EUR
e9c6b9f9-c08d-4f35-aa04-4680ee3198e2,12/31/2020 23:00:00,New Year's Day,NONE,EUR
075dd1d1-6622-4362-b93c-cbaac4652c62,12/31/2020 23:00:00,New Year's Day,NONE,CHF
bb6c2625-4d0b-42b1-8b14-94c4c7b507a4,01/01/2021 05:00:00,New Year's Day,NONE,USD
e851d356-ce9f-4763-85b0-878c24f71317,01/01/2021 05:00:00,New Year's Day,NONE,CAD
7bd7aec2-7b85-429b-9d13-e2a1e325e016,01/01/2021 12:00:00,"Day after New Year's Day ",NONE,NZD
7666c92e-69b5-45c9-b5e2-035889a9d9f3,01/03/2021 22:00:00,Commonwealth Bank Manufacturing PMI,LOW,AUD
b86c8fd1-a868-4974-9891-8d59c877d4da,01/04/2021 00:45:00,Jibun Bank Manufacturing PMI,LOW,JPY
7d3ec8e0-eb7e-45b7-a32a-66a973b1c8e1,01/04/2021 01:45:00,Caixin Manufacturing PMI,MEDIUM,CNY
201271c1-9b11-42f2-8a38-f67f14439c41,01/04/2021 05:30:00,RBA Commodity Index SDR (YoY),LOW,AUD
0ae8f072-0e37-4747-b7e6-1ef522b6bc90,01/04/2021 08:15:00,Markit Manufacturing PMI,MEDIUM,EUR
39dd3472-e88c-4035-bd64-e80ea54ac503,01/04/2021 08:30:00,SVME - Purchasing Managers' Index,LOW,CHF
7a96681f-80d0-4649-b047-d25f2dd533b3,01/04/2021 08:45:00,Markit Manufacturing PMI,MEDIUM,EUR
8bb383e2-0cb2-4fb4-9d4b-a862bb826e8e,01/04/2021 08:50:00,Markit Manufacturing PMI,LOW,EUR
dc61f1ae-0a11-4f32-8cc4-cb5a893dccfa,01/04/2021 08:55:00,Markit Manufacturing PMI,MEDIUM,EUR
79f8d106-da80-4496-bc76-af21a57040af,01/04/2021 09:00:00,Markit Manufacturing PMI,LOW,EUR
6e747491-94f2-45d1-9296-48f0061ed9d4,01/04/2021 09:30:00,Markit Manufacturing PMI,MEDIUM,GBP
9c561fe4-4a36-48c3-9f23-03f317737702,01/04/2021 09:30:00,Net Lending to Individuals (MoM),LOW,GBP
6fd5fa77-11c7-4b06-9819-f7806c45ebd5,01/04/2021 09:30:00,Consumer Credit,LOW,GBP
6c8c3476-1d43-419f-a830-5d8588a6d90e,01/04/2021 09:30:00,M4 Money Supply (MoM),LOW,GBP
9c17d844-6e21-49e3-a275-e41253689fcf,01/04/2021 09:30:00,M4 Money Supply (YoY),LOW,GBP
08a7bcc3-4645-429a-8638-b830192cc66f,01/04/2021 09:30:00,Mortgage Approvals,LOW,GBP
2904b3a0-1928-4d2a-86a6-c1e2342180ac,01/04/2021 10:00:00,OPEC Meeting,MEDIUM,USD
2de5725f-0e34-473f-a689-23e3d3436f99,01/04/2021 14:30:00,Markit Manufacturing PMI,MEDIUM,CAD
6148ff23-23b6-4a2c-b460-fe6fbf4353e6,01/04/2021 14:45:00,Markit Manufacturing PMI,MEDIUM,USD
c76edf45-520c-4fb9-9871-b89d988f2441,01/04/2021 15:00:00,Fed's Bostic speech,MEDIUM,USD
09229d1f-3823-49fd-8941-960fa52e8400,01/04/2021 15:00:00,Fed's Evans speech,LOW,USD
814817ef-0e4f-48cd-9438-705b19dd49a4,01/04/2021 15:00:00,Construction Spending (MoM),LOW,USD
b8e62232-1405-40bd-9881-f19e45934728,01/04/2021 16:30:00,3-Month Bill Auction,LOW,USD
e3a11dd9-0157-4a57-abd3-b1d1ac3afb4c,01/04/2021 16:30:00,6-Month Bill Auction,LOW,USD
e22ec175-d61f-4e28-a857-5d035d6cac02,01/04/2021 17:15:00,Fed's Mester speech,MEDIUM,USD
4e5491d6-ef5c-4184-bf6c-348721687c37,01/04/2021 20:00:00,UK Prime Minister Boris Johnson speech,MEDIUM,GBP
f7c12ce8-5d79-4dfe-8137-a23b9e7fe4ce,01/04/2021 20:30:00,CFTC Gold NC Net Positions,LOW,USD
bc814151-9939-4fa9-bea5-df4b993732e9,01/04/2021 20:30:00,CFTC Oil NC Net Positions,LOW,USD
da64bccb-a611-4992-a0ff-8a74cd5c2bc9,01/04/2021 20:30:00,CFTC S&P 500 NC Net Positions,LOW,USD
7730daaf-3d86-429c-8001-476b8e8c1cb8,01/04/2021 20:30:00,CFTC GBP NC Net Positions,LOW,GBP
c6e98855-c009-40a1-b2de-52c99149c902,01/04/2021 20:30:00,CFTC JPY NC Net Positions,LOW,JPY
4d17fd63-08d2-4d22-9fa1-9547ffc691d8,01/04/2021 20:30:00,CFTC EUR NC Net Positions,LOW,EUR
c77323c9-3002-4073-a32d-a7856c2e53b7,01/04/2021 20:30:00,CFTC AUD NC Net Positions,LOW,AUD
0e7329b9-513b-4f1f-a5df-87a2d21a91a4,01/04/2021 20:45:00,ECB's Lane speech,MEDIUM,EUR
adc1716a-c854-40f1-87b7-240a525b149e,01/04/2021 23:00:00,Fed's Mester speech,MEDIUM,USD
252bdae3-8de3-4a83-9511-5bab44cb1227,01/04/2021 23:50:00,Monetary Base (YoY),LOW,JPY
5f31db7a-e5be-48dc-99e4-e7c0efb61bea,01/05/2021 00:30:00,ANZ Job Advertisements,LOW,AUD
70dd393b-44dc-4cce-8d62-525d842afedb,01/05/2021 07:00:00,Retail Sales (YoY),HIGH,EUR
287b9931-3a07-411e-b80d-a1a33bf50673,01/05/2021 07:00:00,Retail Sales (MoM),MEDIUM,EUR
c9021685-f1d2-48c6-9d96-ffb6b5fbf1f1,01/05/2021 07:30:00,Consumer Price Index (YoY),MEDIUM,CHF
ce808bd7-f61d-4015-abcc-cd520798550a,01/05/2021 07:30:00,Consumer Price Index (MoM),LOW,CHF
5315c5f5-a7ff-461d-b84b-8bdbcb895e01,01/05/2021 08:55:00,Unemployment Rate s.a.,MEDIUM,EUR
41877e8d-61d8-4c32-a24c-1ea80e096c4a,01/05/2021 08:55:00,Unemployment Change,MEDIUM,EUR
7e31c693-43e7-4669-8309-68bd8969f36f,01/05/2021 09:00:00,Private Loans (YoY),LOW,EUR
cf52bd63-baa0-412f-8ea6-3e01e7f76104,01/05/2021 09:00:00,M3 Money Supply (3m),LOW,EUR
44f7b96d-b7c9-44b3-b74c-3c1a09182df6,01/05/2021 09:00:00,M3 Money Supply (YoY),LOW,EUR
77e95b27-e59c-4248-b93d-9164b2c6163e,01/05/2021 10:00:00,OPEC Meeting,MEDIUM,USD
a884566a-adff-4fe5-a00f-7fb562ed8955,01/05/2021 13:30:00,Raw Material Price Index,LOW,CAD
71efb7f2-26fc-4b0d-95d3-9ef7dcfbe0fc,01/05/2021 13:30:00,Industrial Product Price (MoM),LOW,CAD
28550ef0-c6c0-4924-a789-ddf5773cd51b,01/05/2021 13:55:00,Redbook Index (YoY),LOW,USD
db9a1ad5-eef1-4b86-9747-12a010eb4e16,01/05/2021 13:55:00,Redbook Index (MoM),LOW,USD
e026a7ae-0871-4404-98da-74ba2873ecaf,01/05/2021 14:45:00,ISM-NY Business Conditions Index,LOW,USD
32ba5e29-df24-4fac-9d04-03131e2e6bc6,01/05/2021 14:55:00,GDT Price Index,LOW,NZD
64f90146-bd8b-4834-b425-dcea1af47f77,01/05/2021 15:00:00,ISM Manufacturing Employment Index,MEDIUM,USD
fbb9ea54-cec7-4a15-a34a-624cc31a32c7,01/05/2021 15:00:00,ISM Manufacturing PMI,HIGH,USD
1f0c524e-ba37-4b9f-84f3-f9f8b548e4c3,01/05/2021 15:00:00,ISM Manufacturing Prices Paid,MEDIUM,USD
dae5da5a-c8bc-4869-b49b-2dd0bf397155,01/05/2021 15:00:00,ISM Manufacturing New Orders Index,MEDIUM,USD
ff203a56-4696-4307-9f64-12dca3c02e89,01/05/2021 17:00:00,UK Prime Minister Boris Johnson speech,MEDIUM,GBP
77226d93-9e36-4c3d-9cbe-13018abf9a10,01/05/2021 20:30:00,Total Vehicle Sales,LOW,USD
a5a0606f-a5d2-47d1-a537-7464f369f16f,01/05/2021 20:45:00,Fed's Evans speech,LOW,USD
93e8e862-5735-4441-b460-2cf9a4f9dee3,01/05/2021 20:45:00,Fed's Williams speech,MEDIUM,USD
1e0e5816-a587-47c7-b71c-2fc4d40eb4da,01/05/2021 21:30:00,API Weekly Crude Oil Stock,LOW,USD
c32f6f96-1092-4f44-a06b-286c85035f8d,01/05/2021 22:00:00,Epiphany,NONE,EUR
16dc7555-93a0-45ad-87f2-b1f57ec138f7,01/05/2021 22:00:00,Epiphany,NONE,EUR
4a41f6c6-4129-4b8d-ac7e-7ec28767e40e,01/05/2021 22:00:00,Commonwealth Bank Services PMI,MEDIUM,AUD
e21c64e0-825e-4726-ac1a-a5c63bdc82e5,01/05/2021 22:00:00,Commonwealth Bank Composite PMI,LOW,AUD
d19388b9-976d-4852-bc32-ac3d9fe121d2,01/06/2021 00:01:00,BRC Shop Price Index (YoY),LOW,GBP
86ac81dc-37ea-4dfe-b18b-964f192667f1,01/06/2021 00:30:00,Jibun Bank Services PMI,LOW,JPY
7f9ba5da-2f9c-4f8a-b85b-8d83a9693b23,01/06/2021 01:45:00,Caixin Services PMI,MEDIUM,CNY
8e01dab8-2cf4-499d-afc2-54dbeb7407ea,01/06/2021 03:35:00,10-y Bond Auction,LOW,JPY
fa526402-bb61-45c9-a8d5-e6d79c403b2b,01/06/2021 05:00:00,Consumer Confidence Index,LOW,JPY
ec0c56ea-bedc-4fba-83a8-20b795b9c58d,01/06/2021 07:45:00,Consumer Price Index (EU norm) (MoM),LOW,EUR
5ecd1b54-7299-4c76-b4c9-2bc3783f1bda,01/06/2021 07:45:00,Consumer Price Index (EU norm) (YoY),LOW,EUR
d660cb23-f41d-4191-a1e3-bd148377f466,01/06/2021 07:45:00,Consumer Confidence,LOW,EUR
bd7d85b3-f7bd-48d6-9372-55d25a2b3349,01/06/2021 08:15:00,Markit Services PMI,MEDIUM,EUR
3f41c76a-16f8-45d2-82c4-46826f651df8,01/06/2021 08:45:00,Markit Services PMI,MEDIUM,EUR
88a979e1-6bba-4936-87eb-54182c5234c6,01/06/2021 08:50:00,Markit Services PMI,LOW,EUR
3e63a229-bc8c-41b0-b3cc-072e5f4f1fbd,01/06/2021 08:50:00,Markit PMI Composite,LOW,EUR
86265086-9ff3-4b25-aac4-caec7e5b9330,01/06/2021 08:55:00,Markit Services PMI,LOW,EUR
5759bc98-7335-4be0-a75f-ada8c64cfe8f,01/06/2021 08:55:00,Markit PMI Composite,MEDIUM,EUR
e2292546-8dc4-4c8f-b2a8-3c134378bc75,01/06/2021 09:00:00,Markit Services PMI,LOW,EUR
2266405e-99bc-4b71-83a1-03e42846fd14,01/06/2021 09:00:00,Markit PMI Composite,MEDIUM,EUR
088315a2-4a0c-436e-858d-5b9721bee9b6,01/06/2021 09:30:00,Markit Services PMI,LOW,GBP
e69d9200-9f6e-4810-b276-3e25a5354537,01/06/2021 10:00:00,Producer Price Index (YoY),LOW,EUR
d38ee3a8-c484-4169-b4bd-4d15d21301cc,01/06/2021 10:00:00,Producer Price Index (MoM),LOW,EUR
4188f5a8-a05c-4bf6-8bc3-bbeda56acc9c,01/06/2021 10:30:00,10-y Bond Auction,LOW,GBP
53aaca52-ce75-4a17-bd13-b5ee5804db6d,01/06/2021 10:30:00,10-y Bond Auction,MEDIUM,EUR
bdeee724-ccc7-4f34-b66b-eeb951a72998,01/06/2021 12:00:00,MBA Mortgage Applications,LOW,USD
a2a1db34-5294-4f27-8396-f64a5ee8fedf,01/06/2021 12:30:00,MBA Mortgage Applications,LOW,USD
942062bb-ae49-45d3-b7bd-a1e5cb43e0d4,01/06/2021 13:00:00,Consumer Price Index (YoY),LOW,EUR
aa6e6c01-be52-4b35-9029-e9597a5088a9,01/06/2021 13:00:00,Consumer Price Index (MoM),LOW,EUR
a70a9777-8d71-4ef9-b9c2-912482dbcefc,01/06/2021 13:00:00,Harmonized Index of Consumer Prices (YoY),HIGH,EUR
276eb33a-07b0-4231-9b26-d92b420ccd12,01/06/2021 13:00:00,Harmonized Index of Consumer Prices (MoM),LOW,EUR
41288b41-734c-4e0d-9e18-f01750aff676,01/06/2021 13:15:00,ADP Employment Change,HIGH,USD
4740ef68-6e73-471a-9dfa-c58882a4fd09,01/06/2021 14:30:00,BoE's Governor Bailey speech,HIGH,GBP
e7e41d5a-1c27-4b84-81a2-114ca9921b9d,01/06/2021 14:45:00,Markit Services PMI,MEDIUM,USD
2801c868-b3e5-4558-ae48-4b0df222edc4,01/06/2021 14:45:00,Markit PMI Composite,MEDIUM,USD
ec3c3a0f-94f7-43d6-acdc-493bbb6b4d0d,01/06/2021 15:00:00,Factory Orders (MoM),MEDIUM,USD
b3e8557f-45c0-43ef-b911-7ac13ae16f98,01/06/2021 15:30:00,EIA Crude Oil Stocks Change,LOW,USD
d272c39c-16e2-4998-abdd-2e323cfbca97,01/06/2021 19:00:00,FOMC Minutes,HIGH,USD
4f6ac45f-61d7-48e4-a381-91a25034c6e5,01/06/2021 23:30:00,Labor Cash Earnings (YoY),LOW,JPY
ee6c66e2-63cd-43de-a324-e8d6b590df4c,01/06/2021 23:50:00,Foreign Investment in Japan Stocks,LOW,JPY
38918e7d-e022-4fe8-9015-1f91ab23d987,01/06/2021 23:50:00,Foreign Bond Investment,LOW,JPY
08715150-b22f-4286-9c62-4f26f40a1513,01/06/2021 23:50:10,Foreign Investment in Japan Stocks,LOW,JPY
a5d1b7b5-2a88-4186-9250-278d0eb52a08,01/06/2021 23:50:10,Foreign Bond Investment,LOW,JPY
8db25d01-6ade-42eb-898e-bcbb2e6f1be1,01/07/2021 00:30:00,Imports (MoM),MEDIUM,AUD
ee543569-6308-4f64-8b52-46b051ccdcad,01/07/2021 00:30:00,Exports (MoM),MEDIUM,AUD
ccdc7ff3-1fe5-4f18-b692-2b6c5c309716,01/07/2021 00:30:00,Building Permits (YoY),LOW,AUD
e46b02cf-93bb-4e2f-96ff-47593b180427,01/07/2021 00:30:00,Building Permits (MoM),MEDIUM,AUD
01513ca4-f8b2-4eb0-9a6d-a3626da6a8a2,01/07/2021 00:30:00,Trade Balance (MoM),HIGH,AUD
eba40ae5-6af8-4389-a0a3-ba3f2b2c9df5,01/07/2021 07:00:00,Factory Orders n.s.a. (YoY),LOW,EUR
6f2c44db-8eb2-4cc0-a51d-dfec1bc091d2,01/07/2021 07:00:00,Factory Orders s.a. (MoM),MEDIUM,EUR
4cd3f066-067c-4a2c-b977-90e70464dade,01/07/2021 07:30:00,Real Retail Sales (YoY),MEDIUM,CHF
7a94cabe-3c66-4b30-b070-eba80c2e4b32,01/07/2021 09:00:00,Economic Bulletin,MEDIUM,EUR
2dbfd12b-d1d5-47b1-b06c-ad82449883fe,01/07/2021 09:30:00,Markit Construction PMI,LOW,GBP
90fddadc-31bc-429a-a642-40a203f37f85,01/07/2021 09:40:00,3-y Bond Auction,LOW,EUR
81509973-16fb-4396-9111-1118e59171ba,01/07/2021 09:40:00,30-y Bond Auction,MEDIUM,EUR
879e6f6b-a88d-4174-a3b2-1ead03a6c2fc,01/07/2021 09:40:00,5-y Bond Auction,LOW,EUR
55e141d6-2625-4173-9319-c479edab541c,01/07/2021 10:00:00,Consumer Price Index (YoY),LOW,EUR
eb9c5857-e6a8-46fc-8bf0-df0741329f93,01/07/2021 10:00:00,Consumer Price Index (EU Norm) (MoM),LOW,EUR
5c2b7a52-957d-4a4b-ad76-0d2502661158,01/07/2021 10:00:00,Consumer Price Index (MoM),LOW,EUR
ce59ddf5-c53d-4d81-b9fe-028dbae343cc,01/07/2021 10:00:00,Consumer Price Index (EU Norm) (YoY),LOW,EUR
034f88f2-bd99-43b2-b4ff-b8d2ecb3d497,01/07/2021 10:00:00,10-y Bond Auction,LOW,EUR
f12c21a3-8432-4a96-b2fd-85acf55b5c09,01/07/2021 10:00:00,Services Sentiment,LOW,EUR
f6d3426e-5e12-4b58-8bcc-2076a9806a6b,01/07/2021 10:00:00,Retail Sales (YoY),HIGH,EUR
1b015446-2e27-4fc2-9803-9d5900240bc2,01/07/2021 10:00:00,Consumer Confidence,MEDIUM,EUR
3ec10355-0716-435a-a9f9-9b8979c0b7c3,01/07/2021 10:00:00,Consumer Price Index - Core (YoY),HIGH,EUR
f700ee65-ef57-4124-bb4f-d2811964a762,01/07/2021 10:00:00,Retail Sales (MoM),MEDIUM,EUR
270badc1-5e77-4d59-bdee-3563e9ef731b,01/07/2021 10:00:00,Consumer Price Index (YoY),HIGH,EUR
073156e8-ccf1-4a1b-ae9e-b7f6cafa32c0,01/07/2021 10:00:00,Industrial Confidence,LOW,EUR
44c5f1dd-5377-46ad-adb1-0170e4abfd48,01/07/2021 10:00:00,Business Climate,MEDIUM,EUR
ea6df498-21ae-463c-8611-95ccf448f931,01/07/2021 10:00:00,Economic Sentiment Indicator,LOW,EUR
ad63f721-3b12-46d4-99a0-58a56329b2b1,01/07/2021 10:00:00,Foreign Exchange Reserves (MoM),LOW,CNY
b1bda1c4-31cf-4f91-963f-2f4c8095e01e,01/07/2021 12:30:00,Challenger Job Cuts,LOW,USD
442246af-b414-4bf6-87a8-8d787e79f5d6,01/07/2021 13:30:00,Goods and Services Trade Balance,MEDIUM,USD
e254874e-db62-4fc9-a314-94b424193c01,01/07/2021 13:30:00,Continuing Jobless Claims,MEDIUM,USD
8a77473d-b261-4ac2-959c-4c7a9b3737de,01/07/2021 13:30:00,Goods Trade Balance,LOW,USD
15dc45bb-f7c3-45f4-9c88-ce5d9353e957,01/07/2021 13:30:00,Initial Jobless Claims,MEDIUM,USD
615ed9bb-0d69-4f80-b32b-6bafeb93b393,01/07/2021 13:30:00,Initial Jobless Claims 4-week average,MEDIUM,USD
15dca5b0-044c-4fdb-934a-f4b812300396,01/07/2021 13:30:00,Imports,LOW,CAD
9eb10784-8441-47ca-bdde-88fe1f8f61f0,01/07/2021 13:30:00,International Merchandise Trade,LOW,CAD
b4d2ca65-76bf-4e90-be64-45213f5ccb4f,01/07/2021 13:30:00,Exports,LOW,CAD
9ea5d849-ce68-45ad-a2a7-2c4ecccb909f,01/07/2021 15:00:00,ISM Services New Orders Index,MEDIUM,USD
40aac81b-2bda-44b5-90c4-6e6702f8d266,01/07/2021 15:00:00,ISM Services PMI,HIGH,USD
86cf4054-151f-484b-a632-f02635ce77d2,01/07/2021 15:00:00,ISM Services Employment Index,MEDIUM,USD
ca37628b-cfca-48bf-a102-39b9aa83e7c1,01/07/2021 15:00:00,ISM Services Prices Paid,MEDIUM,USD
ec7a6a61-8363-437a-b4bd-8906489d806f,01/07/2021 15:00:00,Ivey Purchasing Managers Index s.a,MEDIUM,CAD
604c8595-4a59-4d1e-bdc0-fd211b64d7b5,01/07/2021 15:00:00,Ivey Purchasing Managers Index,MEDIUM,CAD
523bafac-5731-4e66-a99b-358d932ec3ce,01/07/2021 15:30:00,EIA Natural Gas Storage Change,LOW,USD
ab349616-39fe-45ea-a00c-b06c3ae87a23,01/07/2021 16:30:00,4-Week Bill Auction,LOW,USD
906158f5-4ff1-485b-a50d-b4e4febd7ff7,01/07/2021 18:00:00,Fed's Evans speech,LOW,USD
bebf89d3-b63f-43c4-a379-3a53ddcd863f,01/07/2021 23:30:00,Overall Household Spending (YoY),MEDIUM,JPY
ee3b5f49-2fef-4571-8952-d488a727ff17,01/07/2021 23:50:00,JP Foreign Reserves,LOW,JPY
6f809352-a35b-4cce-a26a-ade06bc07ad5,01/08/2021 05:00:00,Coincident Index,LOW,JPY
094e81a4-22a6-4c19-beb3-9cda87e53f01,01/08/2021 05:00:00,Leading Economic Index,MEDIUM,JPY
87baa962-a3bb-4b79-8530-843b1a8d5430,01/08/2021 06:45:00,Unemployment Rate s.a (MoM),MEDIUM,CHF
70618acf-e260-4407-b357-cadfad729b79,01/08/2021 07:00:00,Exports (MoM),LOW,EUR
11fa10cd-9552-404c-ae58-331b1fc0d741,01/08/2021 07:00:00,Trade Balance s.a.,MEDIUM,EUR
13947db6-e132-48fe-828e-c4d0a1fdfa3e,01/08/2021 07:00:00,Current Account n.s.a.,LOW,EUR
10b2e444-40fb-4f65-874a-46eabcc21daf,01/08/2021 07:00:00,Industrial Production s.a. (MoM),MEDIUM,EUR
9f90ddd2-0127-462e-bafb-3a266f8b65f1,01/08/2021 07:00:00,Industrial Production n.s.a. w.d.a. (YoY),LOW,EUR
6d1fff09-1d64-4f1a-ba8f-e42d2c7662c0,01/08/2021 07:00:00,Imports (MoM),LOW,EUR
c401505c-3ed0-4f4f-92de-73594320fc54,01/08/2021 07:45:00,"Exports, EUR",LOW,EUR
e0c81103-e065-40bf-9602-81ef34d95445,01/08/2021 07:45:00,Current Account,LOW,EUR
d03a6744-f23e-47ad-9ddd-ca9a153b2026,01/08/2021 07:45:00,Consumer Spending (MoM),LOW,EUR
77b4ae28-9d43-4d12-9d7f-2b9f7660f6e8,01/08/2021 07:45:00,Industrial Output (MoM),LOW,EUR
c30ce555-b28f-4f57-aced-88254997fd88,01/08/2021 07:45:00,Trade Balance EUR,LOW,EUR
97063948-9c15-4634-8cb0-6a5768c452a7,01/08/2021 07:45:00,"Imports, EUR",LOW,EUR
34661f52-e32c-447e-a0c8-0e7efd909ca8,01/08/2021 08:00:00,Foreign Currency Reserves,LOW,CHF
d99672b4-ab10-49e0-8fae-c5f206e32f60,01/08/2021 08:30:00,Halifax House Prices (YoY/3m),LOW,GBP
558735e5-48e4-490c-a579-f87923be5fdc,01/08/2021 08:30:00,Halifax House Prices (MoM),LOW,GBP
e03c905d-ce2f-4320-9d17-afbd81b8f837,01/08/2021 09:00:00,Public Deficit/GDP,LOW,EUR
f25c6d3c-e280-467a-b95d-80a28d04a4c3,01/08/2021 10:00:00,Unemployment,LOW,EUR
b24a6ab3-aff1-4822-9e24-beff97b94d83,01/08/2021 10:00:00,Unemployment Rate,MEDIUM,EUR
18da530b-ead2-48e2-91b6-1c1c1a886a93,01/08/2021 13:30:00,Nonfarm Payrolls,HIGH,USD
e3587922-03df-4628-8385-6d8e9b264cf3,01/08/2021 13:30:00,Average Hourly Earnings (YoY),MEDIUM,USD
1e6e9093-10e8-495a-9167-0ef89f5bba09,01/08/2021 13:30:00,Average Weekly Hours,LOW,USD
01d7395e-d175-4155-9dc5-396feba10614,01/08/2021 13:30:00,Labor Force Participation Rate,MEDIUM,USD
19b91b76-fcdf-4958-a714-bd78a68652cc,01/08/2021 13:30:00,Average Hourly Earnings (MoM),MEDIUM,USD
9bd0474f-a245-4fdc-9aee-f98c84cddca9,01/08/2021 13:30:00,U6 Underemployment Rate,MEDIUM,USD
42969bc3-6837-4362-8175-323fbaf9befb,01/08/2021 13:30:00,Unemployment Rate,MEDIUM,USD
99cf33c5-c444-4b4b-a122-9cf44a704463,01/08/2021 13:30:00,Unemployment Rate,HIGH,CAD
193d58ef-c69d-4c97-a3c9-d1383c75b3b9,01/08/2021 13:30:00,Participation Rate,MEDIUM,CAD
048c1a01-3781-43bc-be8b-d424b6967c1a,01/08/2021 13:30:00,Average Hourly Wages (YoY),MEDIUM,CAD
e657eb32-fd24-46d1-957d-20e913d163fe,01/08/2021 13:30:00,Net Change in Employment,HIGH,CAD
4c289c7c-36d2-4963-9acb-9ddbc400f175,01/08/2021 15:00:00,Wholesale Inventories,LOW,USD
7098e9a5-cd66-4797-8bc8-8274f516852d,01/08/2021 16:00:00,Fed's Clarida speech,MEDIUM,USD
b8864743-18de-4d16-b05b-ca78f6a37166,01/08/2021 18:00:00,Baker Hughes US Oil Rig Count,LOW,USD
e51acddb-021f-4971-8c5f-1f728a331eed,01/08/2021 20:00:00,Consumer Credit Change,LOW,USD
9ec0e6fc-8ed3-48f9-896d-550d9924cd78,01/08/2021 20:30:00,CFTC Gold NC Net Positions,LOW,USD
1b057147-5f29-441d-b735-7735f738d106,01/08/2021 20:30:00,CFTC Oil NC Net Positions,LOW,USD
a288efed-936f-4c0b-9bc8-18102c062a35,01/08/2021 20:30:00,CFTC S&P 500 NC Net Positions,LOW,USD
5bb2be10-edee-4ddb-9e57-430a704b1457,01/08/2021 20:30:00,CFTC GBP NC Net Positions,LOW,GBP
cb5e52a3-d144-49ba-9132-dcb875f515c2,01/08/2021 20:30:00,CFTC JPY NC Net Positions,LOW,JPY
fec51d42-4392-4d10-8ab5-70b7c2eda8dd,01/08/2021 20:30:00,CFTC EUR NC Net Positions,LOW,EUR
6cb0529b-1e95-4f14-ae76-d5b80418ec1c,01/08/2021 20:30:00,CFTC AUD NC Net Positions,LOW,AUD
e86b8484-798b-49d5-9ac1-806bb8f6804b,01/10/2021 15:00:00,Coming-of-Age Day,NONE,JPY
0abbbf72-5a6c-4a73-877f-c0e7ce54e782,01/11/2021 00:00:00,TD Securities Inflation (YoY),MEDIUM,AUD
51a340fa-9fef-4160-a4b4-eb7832bf7d31,01/11/2021 00:00:00,TD Securities Inflation (MoM),MEDIUM,AUD
fc002871-2f1d-40dd-9eb0-09df580a8fd2,01/11/2021 00:30:00,Retail Sales s.a. (MoM),HIGH,AUD
9528d9df-9328-4df0-8a68-83b1ff2d8869,01/11/2021 01:30:00,Consumer Price Index (MoM),MEDIUM,CNY
d2b82192-9859-4464-8c76-0c619c90e88a,01/11/2021 01:30:00,Producer Price Index (YoY),MEDIUM,CNY
2c2721db-ede4-4875-8f97-2eb6cee569cc,01/11/2021 01:30:00,Consumer Price Index (YoY),HIGH,CNY
95525d65-28fc-4ef4-8f58-b8ef2711a76e,01/11/2021 08:00:00,Industrial Output Cal Adjusted (YoY),LOW,EUR
7bdd73e8-3958-4fc2-a95f-794e2819e16f,01/11/2021 09:30:01,Sentix Investor Confidence,LOW,EUR
121bc0e4-d2bf-467e-9d06-f5a546caf029,01/11/2021 14:00:00,BoE's Tenreyro speech,MEDIUM,GBP
36e9b2b6-7fde-4d55-be72-8850dd155811,01/11/2021 14:40:00,ECB's President Lagarde speech,HIGH,EUR
baa91690-bdb1-4780-bf6d-437eedb8a971,01/11/2021 15:00:00,BoE's Governor Bailey speech,HIGH,GBP
00f2db1f-2905-41a1-9321-91031f96eb0f,01/11/2021 15:30:00,Bank of Canada Business Outlook Survey,MEDIUM,CAD
43f51d32-77e6-4f12-a694-80835346989d,01/11/2021 16:30:00,3-Month Bill Auction,LOW,USD
20b82ec4-448e-4d3d-8a97-ad96ba959e52,01/11/2021 16:30:00,6-Month Bill Auction,LOW,USD
e016e5e8-2f39-4eb8-81fc-5b7797ceaf68,01/11/2021 17:00:00,Fed's Bostic speech,MEDIUM,USD
ef8dcca6-826c-46cd-aa6f-9348ef30043e,01/11/2021 18:00:00,3-Year Note Auction,LOW,USD
45d6f48e-0bb6-46f3-bac2-84fc5b8d63fc,01/11/2021 23:00:00,Fed's Kaplan speech,MEDIUM,USD
6f1a8299-fe36-472a-9490-e1564c589429,01/11/2021 23:50:00,Current Account n.s.a.,MEDIUM,JPY
c4c2546d-44f3-4cc0-ba47-d98e2d7c3a2c,01/11/2021 23:50:00,Bank Lending (YoY),LOW,JPY
151cfea2-f978-4983-8b90-ba25ddd04e19,01/11/2021 23:50:00,Trade Balance - BOP Basis,LOW,JPY
0650d225-438e-4a96-b0ce-399a99c7f846,01/12/2021 00:01:00,BRC Like-For-Like Retail Sales (YoY),MEDIUM,GBP
550bcf73-57c7-4c72-9af6-ee517aa6f7bc,01/12/2021 05:00:00,Eco Watchers Survey: Outlook,LOW,JPY
8e304195-2a5a-40cc-ba7d-08253bf2d6f0,01/12/2021 05:00:00,Eco Watchers Survey: Current,LOW,JPY
4cfc8ca3-e8b4-4f56-8d4d-2c9d5c04d3d4,01/12/2021 09:00:00,Retail Sales s.a. (MoM),LOW,EUR
09e5f6ce-9530-43bd-ba63-2ed847af7991,01/12/2021 09:00:00,Retail Sales n.s.a (YoY),LOW,EUR
1fcddc5e-01f8-4002-a66d-cb5a694db91e,01/12/2021 10:00:00,BoE's Broadbent speech,MEDIUM,GBP
e25d3bce-9ba5-48fb-8639-dc6930b3920b,01/12/2021 10:40:00,12-Month Letras Auction,LOW,EUR
2fdcc2f8-54e2-4497-8c8e-0b37961e42dc,01/12/2021 10:40:00,6-Month Letras Auction,LOW,EUR
7085f420-14f4-43f2-b5b2-39363d186fc3,01/12/2021 11:00:00,NFIB Business Optimism Index,LOW,USD
d2e2d179-2399-4d4b-8162-ea51d54b6985,01/12/2021 11:00:00,New Loans,LOW,CNY
18ddd330-a091-43ef-8d46-d53db50b9229,01/12/2021 11:00:00,M2 Money Supply (YoY),LOW,CNY
ac42ccdf-1f61-417a-9361-77b262c4ec03,01/12/2021 13:55:00,Redbook Index (YoY),LOW,USD
8e457260-62e2-4237-ab93-9ee6bddec90f,01/12/2021 13:55:00,Redbook Index (MoM),LOW,USD
1f9b9086-cab0-4615-8d0e-2694b47f7ad0,01/12/2021 14:35:00,Fed's Brainard speech,MEDIUM,USD
bb26a910-24b1-47d2-975e-18729eec48b1,01/12/2021 15:00:00,IBD/TIPP Economic Optimism (MoM),LOW,USD
49d66ec5-fc5f-4f99-b69e-1c9561b28754,01/12/2021 15:00:00,JOLTS Job Openings,LOW,USD
fdc34b50-1b64-4b97-b90e-96c0023ef684,01/12/2021 17:00:00,USDA WASDE Report,LOW,USD
a419b8d5-9124-42ca-9b6d-b745168fbcce,01/12/2021 18:00:00,10-Year Note Auction,LOW,USD
48d6e3ec-3c27-428a-b965-1379d709c719,01/12/2021 19:00:00,Fed's Rosengren speech,MEDIUM,USD
aeff270c-7ca1-4161-b63f-0748d3028f78,01/12/2021 21:30:00,API Weekly Crude Oil Stock,LOW,USD
d6df82ed-04c9-4d82-9454-994d3822ab92,01/12/2021 23:50:00,Money Supply M2+CD (YoY),LOW,JPY
f86bd290-74c9-4d91-b8d8-1f36b9718713,01/13/2021 00:00:00,ANZ Commodity Price,LOW,NZD
dd9a70c2-0855-4426-a4ec-7ff6ad3b8004,01/13/2021 06:00:00,Machine Tool Orders (YoY),LOW,JPY
ae4b4741-82a2-4977-9635-df589b7d9ff1,01/13/2021 07:00:00,Wholesale Price Index (YoY),LOW,EUR
21fdcd9f-6cfc-4d6d-98e2-97d92f7e8bf1,01/13/2021 07:00:00,Wholesale Price Index (MoM),LOW,EUR
0a4fc7f2-325c-4be9-9f84-2f1a3a7afb4f,01/13/2021 09:00:00,Industrial Output s.a. (MoM),LOW,EUR
12715999-f5a5-4e4e-a065-af126e8fca4f,01/13/2021 09:00:00,Industrial Output w.d.a (YoY),LOW,EUR
abc31f00-0697-4733-8e88-d40251ebbc62,01/13/2021 09:00:00,ECB's President Lagarde speech,HIGH,EUR
c5a6685e-bf6b-4a4f-ba9c-e609b71326ce,01/13/2021 10:00:00,Industrial Production w.d.a. (YoY),LOW,EUR
76466dcd-ba72-4e87-8425-10f29b34106f,01/13/2021 10:00:00,Industrial Production s.a. (MoM),MEDIUM,EUR
40e3d8be-9aaa-42ba-86cc-b4a0bcdb68bc,01/13/2021 12:00:00,MBA Mortgage Applications,LOW,USD
971805bd-1e2d-4799-a467-0b0150339ff6,01/13/2021 13:30:00,Consumer Price Index Core s.a,MEDIUM,USD
265e0b5e-43d8-4ada-97b6-f497f06bf679,01/13/2021 13:30:00,Consumer Price Index (MoM),MEDIUM,USD
4eefbd2a-3a1a-49ea-9aca-c55633e8724e,01/13/2021 13:30:00,Consumer Price Index n.s.a (MoM),LOW,USD
7e550b56-cfbc-4f04-b616-33991c10e16f,01/13/2021 13:30:00,Consumer Price Index ex Food & Energy (MoM),HIGH,USD
1a1de50c-0fba-4dbb-ace8-735ab382fce8,01/13/2021 13:30:00,Consumer Price Index (YoY),MEDIUM,USD
c0da0a1d-9999-4330-a593-d4ef49a6a348,01/13/2021 13:30:00,Consumer Price Index ex Food & Energy (YoY),HIGH,USD
4b3217a6-70be-4af3-875a-8c5f998f75b8,01/13/2021 15:30:00,EIA Crude Oil Stocks Change,LOW,USD
0d1b6ddc-05a4-42ff-833f-f75105f6e934,01/13/2021 18:00:00,Fed's Brainard speech,MEDIUM,USD
3db2f527-570d-40bb-835e-ad6c82ab1c0d,01/13/2021 18:00:00,30-Year Bond Auction,LOW,USD
aefe3904-5a82-45ac-b437-972ba8962c8c,01/13/2021 19:00:00,Monthly Budget Statement,MEDIUM,USD
1f7dcf4e-5d01-43e7-b559-513935b0abd9,01/13/2021 19:00:00,Fed's Beige Book,MEDIUM,USD
8714d707-51e2-4d3c-926b-ffac6198a868,01/13/2021 20:00:00,Fed's Clarida speech,MEDIUM,USD
ccf4cbb0-3e94-461b-83de-23bf39ddd749,01/13/2021 21:45:00,Building Permits s.a. (MoM),MEDIUM,NZD
e17eba70-9a74-4de0-843f-b4346e035075,01/13/2021 23:50:00,Producer Price Index (MoM),LOW,JPY
91340c9c-f308-4c98-9115-a128d106b52b,01/13/2021 23:50:00,Machinery Orders (MoM),LOW,JPY
44d34cec-a00d-43bb-a438-f3933a776041,01/13/2021 23:50:00,Producer Price Index (YoY),LOW,JPY
c6ec6070-5252-4bb8-b530-af95a01224c1,01/13/2021 23:50:00,Machinery Orders (YoY),LOW,JPY
8fb153a2-7b91-4bf9-be4a-9667f4170674,01/14/2021 00:01:00,RICS Housing Price Balance,LOW,GBP
1b346951-5798-48a6-b1c2-6ef81e549d19,01/14/2021 02:00:00,Exports (YoY) CNY,LOW,CNY
a8307de7-199f-406e-a9ab-91aff4e70d8f,01/14/2021 02:00:00,Imports (YoY) CNY,LOW,CNY
e9892296-2142-474b-b388-7e40214e1a0a,01/14/2021 02:00:00,Trade Balance USD,MEDIUM,CNY
8bf03a78-ec3b-4843-9608-43a411ed889e,01/14/2021 02:00:00,Exports (YoY),MEDIUM,CNY
2b8b5a66-d77f-4285-a19c-a020e1401063,01/14/2021 02:00:00,Imports (YoY),MEDIUM,CNY
5b9f226d-804e-4043-a25a-0a0688642544,01/14/2021 02:00:00,Trade Balance CNY,LOW,CNY
dc143014-5233-47e6-a12c-7992728e4a96,01/14/2021 09:00:00,Real GDP Growth,LOW,EUR
8d3d8c90-91ad-4132-9f78-0fd5950c9e61,01/14/2021 12:30:00,ECB Monetary Policy Meeting Accounts,MEDIUM,EUR
8561cfae-58be-4975-95c8-d30ab06a3bb9,01/14/2021 13:30:00,Import Price Index (MoM),LOW,USD
f868729a-9180-420e-8c26-26031aac9b68,01/14/2021 13:30:00,Continuing Jobless Claims,MEDIUM,USD
80df8419-5083-46a6-ad17-d4e72dd5b829,01/14/2021 13:30:00,Import Price Index (YoY),LOW,USD
cab95efb-2cc4-4123-bc46-c2b1b5a0b2c2,01/14/2021 13:30:00,Export Price Index (MoM),LOW,USD
70e88f63-516e-4140-adb9-1b66ec809acb,01/14/2021 13:30:00,Export Price Index (YoY),LOW,USD
51f8aa90-0450-4d97-bfa3-86f3fb3c9782,01/14/2021 13:30:00,Initial Jobless Claims,MEDIUM,USD
4c66d75c-c0f2-4cd4-8807-64e75fa24df8,01/14/2021 13:30:00,Initial Jobless Claims 4-week average,MEDIUM,USD
e087689d-e214-4fe1-a648-a6e3d096aafd,01/14/2021 14:00:00,Fed's Rosengren speech,MEDIUM,USD
e7fec56a-e8fd-4223-9a93-2407dd978e62,01/14/2021 15:30:00,EIA Natural Gas Storage Change,LOW,USD
78d70842-2302-4498-aebb-7b29c04daa01,01/14/2021 16:00:00,Fed's Bostic speech,MEDIUM,USD
f65e7d68-775f-4375-891c-ce9c9d12bbec,01/14/2021 16:30:00,4-Week Bill Auction,LOW,USD
30f145f5-eaab-4a51-b430-714d43532d91,01/14/2021 17:30:00,Fed's Chair Powell speech,HIGH,USD
1a3b6122-3f69-43e4-a82b-481cf6ca3e66,01/14/2021 18:00:00,Fed's Kaplan speech,MEDIUM,USD
f8af2520-c57d-4492-8749-03245dede636,01/14/2021 21:45:00,Food Price Index (MoM),LOW,NZD
fe242082-d53c-4082-af8c-4c86f7e0d6b7,01/14/2021 23:50:10,Foreign Investment in Japan Stocks,LOW,JPY
ab2dfb79-7c9e-4efd-ace6-1e0e1c579a4c,01/14/2021 23:50:10,Foreign Bond Investment,LOW,JPY
b7d3a2f5-6a08-4ade-a899-a8462e1159f0,01/15/2021 00:15:00,President Biden speech,HIGH,USD
27af2582-a435-4b54-85ed-d2ca7390dc63,01/15/2021 00:30:00,Home Loans,LOW,AUD
d4d4bfd3-6401-422d-bdf0-f7bf3325a5b5,01/15/2021 00:30:00,Investment Lending for Homes,LOW,AUD
6fa1190d-0c92-4000-a614-c8f976230120,01/15/2021 01:30:00,"House Price Index ",LOW,CNY
b066d319-2771-4b28-acae-757c3577bed6,01/15/2021 04:30:00,Tertiary Industry Index (MoM),LOW,JPY
343c20e5-9a13-4c4c-b8c8-a2c12a76adef,01/15/2021 07:00:00,Trade Balance; non-EU,LOW,GBP
e50a95ce-3716-4aa9-b066-8273841bf0be,01/15/2021 07:00:00,Index of Services (3M/3M),LOW,GBP
16b384e5-bf71-4977-9981-7fe40626c1d8,01/15/2021 07:00:00,Industrial Production (YoY),LOW,GBP
128506e0-3bd9-4a20-95bf-f822aa59ae6f,01/15/2021 07:00:00,Manufacturing Production (MoM),MEDIUM,GBP
095b4e36-08f2-4043-b5f3-1dee9a37f600,01/15/2021 07:00:00,Industrial Production (MoM),MEDIUM,GBP
0641b0e4-6d8a-42f8-8384-ef0c08c1180e,01/15/2021 07:00:00,Total Trade Balance,LOW,GBP
622e8c06-a34e-4a2b-929b-21ceacfb0f4f,01/15/2021 07:00:00,Goods Trade Balance,LOW,GBP
4a190ead-0dd8-4522-a977-6792209480b1,01/15/2021 07:00:00,Gross Domestic Product (MoM),MEDIUM,GBP
4df90ebb-caef-4884-bded-a5315fbd7765,01/15/2021 07:00:00,Manufacturing Production (YoY),MEDIUM,GBP
8243606e-ec5c-4f39-ae30-c495b1923565,01/15/2021 07:45:00,Inflation ex-tobacco (MoM),LOW,EUR
42528392-00d8-4483-8ef3-84a3ccc34e4c,01/15/2021 07:45:00,Consumer Price Index (EU norm) (MoM),LOW,EUR
ede6798f-a220-4231-96ee-6461f719c9c2,01/15/2021 07:45:00,Budget,LOW,EUR
9ceb285d-5daf-4706-b96a-9feda938baf1,01/15/2021 07:45:00,Consumer Price Index (EU norm) (YoY),LOW,EUR
f192dcc8-28d8-491d-974a-8db083079dfb,01/15/2021 08:00:00,HICP (YoY),LOW,EUR
89e2dab6-c623-4166-b80d-ff1d128f62a2,01/15/2021 08:00:00,HICP (MoM),LOW,EUR
5fe776a8-e728-4f27-b8a2-e073f9756f95,01/15/2021 08:00:00,Consumer Price Index (MoM),LOW,EUR
4e3ee6c0-0c17-4ee1-a36b-f4b1896dab9d,01/15/2021 08:00:00,Consumer Price Index (YoY),LOW,EUR
87489182-1952-445f-8ca2-9afd91aa4312,01/15/2021 10:00:00,Trade Balance n.s.a.,LOW,EUR
e395ea0d-d9c5-4f10-a1f4-0393d14d5a25,01/15/2021 10:00:00,Trade Balance s.a.,LOW,EUR
0ebc4903-a665-455f-a9a8-857c2d200cb5,01/15/2021 12:00:00,NIESR GDP Estimate (3M),MEDIUM,GBP
9c056a03-be0b-4e4b-8f14-7d0693b47a37,01/15/2021 13:30:00,NY Empire State Manufacturing Index,LOW,USD
3fc2d7af-e92f-4600-8897-6a6edbd327f3,01/15/2021 13:30:00,Producer Price Index (YoY),LOW,USD
467a49da-ff3b-4997-abae-b2556be04331,01/15/2021 13:30:00,Retail Sales ex Autos (MoM),MEDIUM,USD
29c8640f-4c27-4a67-9088-a0be51c0431d,01/15/2021 13:30:00,Producer Price Index ex Food & Energy (MoM),LOW,USD
a7136188-a1c6-4d90-bd10-1b22750c75be,01/15/2021 13:30:00,Producer Price Index ex Food & Energy (YoY),MEDIUM,USD
454d5fc7-d70b-4252-bafd-374b83a9c10b,01/15/2021 13:30:00,Retail Sales Control Group,HIGH,USD
8c1039e1-922f-484c-9939-1877ee163127,01/15/2021 13:30:00,Producer Price Index (MoM),LOW,USD
092d4079-e8a9-453e-936e-569d7c2692cf,01/15/2021 13:30:00,Retail Sales (MoM),HIGH,USD
60355071-734d-4d8d-af61-556e568689d4,01/15/2021 14:15:00,Industrial Production (MoM),LOW,USD
c734cc93-878d-46cb-86aa-02bb318ff46a,01/15/2021 14:15:00,Capacity Utilization,LOW,USD
d17f0608-cdfe-461c-a942-ca40d375e6dd,01/15/2021 15:00:00,Michigan Consumer Sentiment Index,HIGH,USD
b2108e39-fcc1-44e1-a666-5b4ba113dd65,01/15/2021 15:00:00,Business Inventories,LOW,USD
e7170e49-1ce1-456e-a8b6-43e898defbda,01/15/2021 18:00:00,Baker Hughes US Oil Rig Count,LOW,USD
d86d4df6-f246-48e1-b7ae-b19346ba8ac3,01/15/2021 20:30:00,CFTC Gold NC Net Positions,LOW,USD
ae9ab09e-b81e-4e46-94c0-8b129aac9ec1,01/15/2021 20:30:00,CFTC Oil NC Net Positions,LOW,USD
051b605e-48b5-4fc2-99d6-0ebefa4c064a,01/15/2021 20:30:00,CFTC S&P 500 NC Net Positions,LOW,USD
51cdbd2e-7022-4195-855c-4ec83c722ac5,01/15/2021 20:30:00,CFTC GBP NC Net Positions,LOW,GBP
297002d7-e677-4c1b-8db4-297960224043,01/15/2021 20:30:00,CFTC JPY NC Net Positions,LOW,JPY
cbceca41-54b8-40bf-a1fe-3674e0804a60,01/15/2021 20:30:00,CFTC EUR NC Net Positions,LOW,EUR
f4d2fc2b-e9a4-4d40-b329-66a74be8bb9e,01/15/2021 20:30:00,CFTC AUD NC Net Positions,LOW,AUD
f95ca305-a7b7-4008-8d40-68b316f83ccb,01/18/2021 00:01:00,Rightmove House Price Index (MoM),LOW,GBP
c68c2811-c511-470b-8e48-5ff2fad1f73b,01/18/2021 00:01:00,Rightmove House Price Index (YoY),LOW,GBP
7f295d70-3eab-42e9-97f2-f1db3a15b759,01/18/2021 02:00:00,Gross Domestic Product (YoY),HIGH,CNY
06b5821b-dce7-464c-8746-9dc22ade5997,01/18/2021 02:00:00,Fixed Asset Investment (YTD) (YoY),LOW,CNY
a77baa4f-b706-471a-99af-d094c89d2885,01/18/2021 02:00:00,NBS Press Conference,MEDIUM,CNY
ea2eb978-817a-4686-b7d1-4439b30355b5,01/18/2021 02:00:00,Industrial Production (YoY),MEDIUM,CNY
51a76b93-d5f5-40eb-b9d4-82d6d052c676,01/18/2021 02:00:00,Gross Domestic Product (QoQ),HIGH,CNY
1574a6e5-0f18-4ab3-876c-2ffdb79b272e,01/18/2021 02:00:00,Retail Sales (YoY),HIGH,CNY
59838b39-1e6f-493c-b7e3-c0d2674a6509,01/18/2021 04:30:00,Industrial Production (YoY),MEDIUM,JPY
8feb488e-96a9-4053-bf60-41c2f9568ac0,01/18/2021 04:30:00,Capacity Utilization,LOW,JPY
c1cf7333-9c09-4171-8d41-0388395f72f2,01/18/2021 04:30:00,Industrial Production (MoM),LOW,JPY
7b77f5a6-e619-42f7-8bc4-a095e5a256da,01/18/2021 05:00:00,Martin L. King's Birthday,NONE,USD
bd6bccb8-ff85-4a89-aa2f-ff1d26c380bb,01/18/2021 09:00:00,Consumer Price Index (YoY),LOW,EUR
88b83f26-5191-4c1f-a693-9d4ca5eef587,01/18/2021 09:00:00,Consumer Price Index (EU Norm) (MoM),LOW,EUR
9901d112-89c5-465f-ab99-545e4b25721c,01/18/2021 09:00:00,Consumer Price Index (MoM),LOW,EUR
6002b2ce-2542-4245-9b63-57cee8855fe7,01/18/2021 09:00:00,Consumer Price Index (EU Norm) (YoY),LOW,EUR
4669cee8-92a2-432d-88cb-e02e33ef28b0,01/18/2021 10:00:00,Eurogroup Meeting,MEDIUM,EUR
1c602afd-5eec-4448-9ced-9e135d291025,01/18/2021 11:00:00,German Buba Monthly Report,LOW,EUR
f4d16464-29e6-4e01-8dd4-ef6a9cb67ddd,01/18/2021 13:15:00,Housing Starts s.a (YoY),LOW,CAD
7f0eb7d2-48cf-4812-b161-8e61943c97bc,01/18/2021 13:30:00,Foreign Portfolio Investment in Canadian Securities,LOW,CAD
3bca9312-dd07-49eb-857f-79ecfebec4a2,01/18/2021 13:30:00,Canadian Portfolio Investment in Foreign Securities,LOW,CAD
147d1f6e-90ad-40d7-b51a-8f24c725acc6,01/18/2021 21:00:00,NZIER Business Confidence (QoQ),MEDIUM,NZD
ca9d5644-5658-4c16-bd8b-fa6b1be6af7e,01/18/2021 21:45:00,Electronic Card Retail Sales  (MoM),LOW,NZD
728dcdb0-1952-44e6-8bd4-4eeda12aabe0,01/18/2021 21:45:00,Electronic Card Retail Sales (YoY),LOW,NZD
5db9df91-4ada-4c9d-b220-900484e6424c,01/19/2021 00:00:00,HIA New Home Sales (MoM),MEDIUM,AUD
7fc29347-ac3e-4479-a531-40c4f03dff02,01/19/2021 07:00:00,EcoFin Meeting,MEDIUM,EUR
d3132540-b7b4-4f1e-94a2-8597b7ab0456,01/19/2021 07:00:00,Consumer Price Index (YoY),LOW,EUR
5096b8d5-c921-44d8-b8f6-c2c9dcc7a63f,01/19/2021 07:00:00,Consumer Price Index (MoM),LOW,EUR
caefc13b-758c-41cd-844d-360e2bc66597,01/19/2021 07:00:00,Harmonized Index of Consumer Prices (YoY),HIGH,EUR
e3a7b64a-856b-4b9f-85fb-38ceeb435964,01/19/2021 07:00:00,Harmonized Index of Consumer Prices (MoM),LOW,EUR
306066dc-cd65-43dd-bec4-f9a68210236f,01/19/2021 07:30:00,Producer and Import Prices (MoM),LOW,CHF
bb08146b-2d48-483f-b3a3-9364a22a621c,01/19/2021 07:30:00,Producer and Import Prices (YoY),LOW,CHF
70eba0c5-f852-4f20-aff7-2c6c374fc97a,01/19/2021 09:00:00,Global Trade Balance,LOW,EUR
e59c6d6e-f9bc-413e-97ce-bfbd98623e8a,01/19/2021 09:00:00,Trade Balance EU,LOW,EUR
b55f3eef-84b1-483c-8cab-2105b9d1dc20,01/19/2021 09:00:00,Current Account n.s.a,LOW,EUR
027ee008-6a6c-4f2c-89b2-92d33f0071c1,01/19/2021 09:00:00,ECB Bank Lending Survey,HIGH,EUR
c8ffabfe-25f4-4d1e-b384-9578bc37dae7,01/19/2021 09:00:00,Current Account s.a,LOW,EUR
ddb05cba-3cf2-42e1-857b-6c24d39933fb,01/19/2021 09:40:00,9-Month Letras Auction,LOW,EUR
302d8da5-5758-4ea5-bc01-228c0910a49c,01/19/2021 09:40:00,3-Month Letras Auction,LOW,EUR
34858e0b-083a-46f7-bb5b-6df47e571db5,01/19/2021 10:00:00,ZEW Survey – Economic Sentiment,MEDIUM,EUR
ed8b14c3-3454-4178-8b42-83d8b9b1440e,01/19/2021 10:00:00,Construction Output w.d.a (YoY),LOW,EUR
91b2640c-096f-451c-92cf-dfad53984f79,01/19/2021 10:00:00,Construction Output  s.a (MoM),LOW,EUR
d992dd6d-cad0-4ca0-a11f-404c760c3c0c,01/19/2021 10:00:00,ZEW Survey – Current Situation,MEDIUM,EUR
f187009c-fe69-412b-8f3b-a1a85c17e5db,01/19/2021 10:00:00,ZEW Survey – Economic Sentiment,MEDIUM,EUR
77636568-d24c-437c-8736-57b3d4b5b322,01/19/2021 13:30:00,Manufacturing Sales (MoM),LOW,CAD
b82d0659-5734-437d-9dc3-dae8cd368afc,01/19/2021 13:30:00,Wholesale Sales (MoM),LOW,CAD
7e63163f-e57a-4f1e-b3bc-4a004933bbde,01/19/2021 15:00:00,Treasury Sec Nominee Yellen speech,HIGH,USD
f38dca42-4c30-4622-9e1c-c2b633c2b5f1,01/19/2021 15:10:00,GDT Price Index,LOW,NZD
a544c5a9-2ffe-47eb-9f9e-1746ec2aea68,01/19/2021 16:30:00,3-Month Bill Auction,LOW,USD
4d65c280-3a02-4ce5-b7da-a700e59bcee4,01/19/2021 16:30:00,6-Month Bill Auction,LOW,USD
5b01cc86-4f13-4a1b-ad6b-8bb090c44a7f,01/19/2021 18:00:00,BoE's Haldane speech,MEDIUM,GBP
66edd986-1699-46d4-a5c9-48c61e306b50,01/19/2021 21:00:00,Total Net TIC Flows,LOW,USD
5ad3fbc5-7f16-442e-b341-6aae1194e59b,01/19/2021 21:00:00,Net Long-Term TIC Flows,LOW,USD
ec5acd9b-fd8b-45fc-973b-54cb4a36a3e5,01/19/2021 23:30:00,Westpac Consumer Confidence,MEDIUM,AUD
79c2d04e-0420-4358-b664-1aac0936b4b6,01/20/2021 01:30:00,PBoC Interest Rate Decision,HIGH,CNY
2ca12278-b165-4198-803f-ef7b116fee96,01/20/2021 01:45:00,FDI - Foreign Direct Investment (YTD) (YoY),MEDIUM,CNY
80f5c4f5-7d3e-4ca8-bb02-27174a2ee854,01/20/2021 07:00:00,Consumer Price Index (MoM),MEDIUM,GBP
bb842faf-4bee-4da9-98a8-a97f44c30f94,01/20/2021 07:00:00,Retail Price Index (YoY),MEDIUM,GBP
6ff20120-04af-4fa7-9423-0f8945067959,01/20/2021 07:00:00,"PPI Core Output (YoY) n.s.a ",MEDIUM,GBP
a1fc8ceb-370b-46d6-875b-4f43cfd72719,01/20/2021 07:00:00,Consumer Price Index (YoY),HIGH,GBP
56b811e0-1fcf-4572-8925-8e6781e9a58e,01/20/2021 07:00:00,Core Consumer Price Index (YoY),MEDIUM,GBP
cd710bca-24d6-44de-9bf9-0efdd4e9b5b5,01/20/2021 07:00:00,Producer Price Index - Input (MoM) n.s.a,LOW,GBP
15aef306-da3b-454a-bd5d-c6c9629adf44,01/20/2021 07:00:00,Producer Price Index - Input (YoY) n.s.a,LOW,GBP
f855a320-65ab-4ea8-89f4-4bb9716d3774,01/20/2021 07:00:00,Retail Price Index (MoM),MEDIUM,GBP
678caaeb-1e9b-4912-aa9d-28c1c96f9bce,01/20/2021 07:00:00,Producer Price Index - Output (MoM) n.s.a,LOW,GBP
7f79cbde-fd99-4648-af58-1e1c32d32751,01/20/2021 07:00:00,Producer Price Index - Output (YoY) n.s.a,LOW,GBP
e08eccfc-5738-4314-ac94-021855923692,01/20/2021 07:00:00,PPI Core Output (MoM) n.s.a,MEDIUM,GBP
3c6cfe7b-1544-42a4-82d1-1958bf2ecc39,01/20/2021 07:00:00,Producer Price Index (MoM),MEDIUM,EUR
4d311624-7da3-406b-913d-bf6c6fdc303a,01/20/2021 07:00:00,Producer Price Index (YoY),LOW,EUR
f942399b-9059-4736-99d7-05d6208b76b3,01/20/2021 09:30:00,DCLG House Price Index (YoY),LOW,GBP
588892f8-6a22-42e4-9209-ff96bb15a883,01/20/2021 10:00:00,Consumer Price Index (MoM),MEDIUM,EUR
11847be8-4ae5-4fa1-a34c-3dead7d15ce5,01/20/2021 10:00:00,Consumer Price Index - Core (YoY),MEDIUM,EUR
cf3b7841-5ce0-498b-8230-3bb2b9917916,01/20/2021 10:00:00,Consumer Price Index - Core (MoM),MEDIUM,EUR
ca9c753d-c844-43af-9e47-9d6b35bf01c5,01/20/2021 10:00:00,Consumer Price Index (YoY),LOW,EUR
fe18928c-4877-407a-9f8e-c92d002620f6,01/20/2021 10:40:00,30-y Bond Auction,LOW,EUR
710bf07f-6e56-4c2f-9698-8c87cf1e0b7a,01/20/2021 12:00:00,MBA Mortgage Applications,LOW,USD
0e27aaeb-79a6-42c6-ae56-6f563cc99686,01/20/2021 13:30:00,BoC Consumer Price Index Core (YoY),HIGH,CAD
212ba966-2f34-4998-a51c-f2d1c39c3a2c,01/20/2021 13:30:00,BoC Consumer Price Index Core (MoM),MEDIUM,CAD
8134208a-192d-45b8-ad39-f8ec60b78b17,01/20/2021 13:30:00,Consumer Price Index (YoY),MEDIUM,CAD
5d480e11-6df4-49de-8388-2b9b95bba4fa,01/20/2021 13:30:00,Consumer Price Index - Core (MoM),MEDIUM,CAD
f04ad83d-cd23-4f78-93ca-3ea251f0ed97,01/20/2021 13:30:00,Consumer Price Index (MoM),MEDIUM,CAD
65fdcf02-db66-4943-88bd-640fb1109a68,01/20/2021 13:55:00,Redbook Index (YoY),LOW,USD
811f8546-9010-4e08-bea2-c3691c5cf897,01/20/2021 13:55:00,Redbook Index (MoM),LOW,USD
2fcbe472-005d-4174-b187-2c7f7fe1e4d1,01/20/2021 15:00:00,NAHB Housing Market Index,LOW,USD
3d2693c5-09ee-4208-9bb6-afa9119ad2a6,01/20/2021 15:00:00,BoC Rate Statement,HIGH,CAD
8bf109cd-78e2-4ba9-976c-fa576b148487,01/20/2021 15:00:00,Bank of Canada Monetary Policy Report,HIGH,CAD
5a55dbae-cdf5-4240-908f-9ea05711cf93,01/20/2021 15:00:00,BoC Interest Rate Decision,HIGH,CAD
2a1c63d9-e21e-48f6-9f7e-318620217599,01/20/2021 16:15:00,BoC Press Conference,HIGH,CAD
8dca25f4-f36e-44d0-a1c1-f3c8405d8dc6,01/20/2021 17:00:00,Presidential Inauguration,HIGH,USD
93b4cb07-a90c-43b8-8877-fa0f2f2cc83c,01/20/2021 17:00:00,BoE's Governor Bailey speech,HIGH,GBP
bdea5f30-383c-40a9-8f55-aae1b6988728,01/20/2021 21:30:00,API Weekly Crude Oil Stock,LOW,USD
d9cbaa74-3af4-4b11-8a9b-75dd980e5e40,01/20/2021 21:45:00,Visitor Arrivals (YoY),LOW,NZD
0daa10c3-d668-413d-91b0-a1d43d55b266,01/20/2021 23:50:00,Adjusted Merchandise Trade Balance,LOW,JPY
ae67fb5e-4b9b-483c-8c04-794aa8cdcede,01/20/2021 23:50:00,Merchandise Trade Balance Total,MEDIUM,JPY
8ba91972-3e66-4507-ab02-06b049018193,01/20/2021 23:50:00,Imports (YoY),MEDIUM,JPY
c8d4a856-d36d-4d4b-8cd5-13fa96a40744,01/20/2021 23:50:00,Exports (YoY),MEDIUM,JPY
6b9dccfb-823e-429f-842f-bbd964ff229d,01/20/2021 23:50:10,Foreign Investment in Japan Stocks,LOW,JPY
65f13e0d-dc09-4000-903e-d69d7ad018dd,01/20/2021 23:50:10,Foreign Bond Investment,LOW,JPY
be7f484c-2535-41ee-a1e2-64ab6d00d4f7,01/21/2021 00:00:00,EU leaders summit,MEDIUM,EUR
bb8ae115-3fee-4c19-b214-014593de4e38,01/21/2021 00:00:00,Consumer Inflation Expectations,MEDIUM,AUD
9f7a0d82-fa78-4792-a4d9-cc97eb53fd62,01/21/2021 00:30:00,Part-Time Employment,LOW,AUD
da921cdf-6e9a-407f-81e7-7e5b84f3d9c4,01/21/2021 00:30:00,Fulltime Employment,MEDIUM,AUD
2c8b41e3-9536-4b81-a4ed-1301acfe75ac,01/21/2021 00:30:00,Employment Change s.a.,HIGH,AUD
71fd92f8-f2b1-4562-ac35-0378fcab2603,01/21/2021 00:30:00,Participation Rate,LOW,AUD
bcf04057-3bdf-44c9-aefc-8be92ecab642,01/21/2021 00:30:00,Unemployment Rate s.a.,HIGH,AUD
b8a5bd20-37ae-45e5-ad90-6817fc43986c,01/21/2021 03:00:00,"BoJ Monetary Policy Statement ",HIGH,JPY
c2ae3c46-feb2-4f9f-840c-095735fe42ab,01/21/2021 03:00:00,BoJ Interest Rate Decision,HIGH,JPY
8f1b60c8-3e3c-4f28-a9c8-de9c95d205f7,01/21/2021 03:00:00,BoJ Outlook Report,MEDIUM,JPY
c1f6ca8f-284b-4e60-a6ab-8a780b55224a,01/21/2021 06:00:00,BoJ Press Conference,HIGH,JPY
6590c795-a08b-4f82-8a5d-48a6bbd01ba6,01/21/2021 07:45:00,Business Climate in Manufacturing,LOW,EUR
15977db3-3e69-41dc-8cd1-dd301aa3f293,01/21/2021 09:00:00,Industrial Sales s.a. (MoM),LOW,EUR
0aac80ed-8a82-4905-966c-182f0eb031cb,01/21/2021 09:00:00,Industrial Orders s.a (MoM),LOW,EUR
c3ba7e78-f631-4717-b1f8-b05df826f922,01/21/2021 09:00:00,Industrial Sales n.s.a. (YoY),LOW,EUR
e469ad18-20fc-4121-9d60-a452a8fc9feb,01/21/2021 09:00:00,Industrial Orders n.s.a (YoY),LOW,EUR
f7ce6cb6-4ace-4865-8c5d-ff4039d6e9c0,01/21/2021 09:30:00,BoE Credit Conditions Survey,LOW,GBP
f68f0483-f0e6-48a1-b61c-08aacfe73965,01/21/2021 10:40:00,5-y Bond Auction,LOW,EUR
8fc1086f-14ea-4d6a-a8f1-937ee53ac8a1,01/21/2021 12:45:00,ECB Interest Rate Decision,HIGH,EUR
878c826d-52bd-4e09-822f-3c503c75c382,01/21/2021 12:45:00,ECB Deposit Rate Decision,HIGH,EUR
1766af7d-e43d-410b-bf35-8e69e89fb8e5,01/21/2021 13:30:00,Building Permits (MoM),MEDIUM,USD
c2eeb080-2c91-456a-9bad-cda8dda4d096,01/21/2021 13:30:00,Housing Starts (MoM),MEDIUM,USD
7d0b45f1-fa64-44a6-befb-ee1339b99fac,01/21/2021 13:30:00,Continuing Jobless Claims,MEDIUM,USD
7504e0be-cabc-4d8b-b62e-696da65c6072,01/21/2021 13:30:00,Philadelphia Fed Manufacturing Survey,MEDIUM,USD
4cfbaa52-d533-451e-b6f9-48acc24f403d,01/21/2021 13:30:00,Building Permits Change,LOW,USD
cc433cec-386b-4c2c-8456-ffa6ead033f4,01/21/2021 13:30:00,Initial Jobless Claims,MEDIUM,USD
7b0d0060-3e93-4e64-a959-d7703cae0b2a,01/21/2021 13:30:00,Housing Starts Change,LOW,USD
baebe88d-40e3-41e0-bf40-d2a13c6f304d,01/21/2021 13:30:00,Initial Jobless Claims 4-week average,MEDIUM,USD
eb77ffcc-a9f8-4ce9-99b2-78634caf9def,01/21/2021 13:30:00,ECB Monetary Policy Statement and Press Conference,HIGH,EUR
ec5792c1-9617-4f1a-a6cd-42ee7d394e1d,01/21/2021 13:30:00,ADP Employment Change,LOW,CAD
46c4ea9b-7c02-4fb6-bce0-ec16312bf3d4,01/21/2021 13:30:00,New Housing Price Index (YoY),LOW,CAD
cd8f82ad-1a41-4439-9137-62441d00ef94,01/21/2021 13:30:00,New Housing Price Index (MoM),LOW,CAD
948ee0d4-5351-4217-bc02-516d38cd0b67,01/21/2021 15:00:00,Consumer Confidence,MEDIUM,EUR
76055877-2acb-4fa3-bac2-2849781e464c,01/21/2021 16:30:00,4-Week Bill Auction,LOW,USD
c8a6df13-cb9e-4e3d-9ffe-dd16f06d70b3,01/21/2021 21:30:00,Business NZ PMI,MEDIUM,NZD
2292fa1b-2725-4fb9-a9f6-14dc4b5c6f29,01/21/2021 21:45:00,Consumer Price Index (YoY),HIGH,NZD
508eb31c-5f43-4e0e-9478-9389cdaab767,01/21/2021 21:45:00,Consumer Price Index (QoQ),MEDIUM,NZD
511a30ff-48cc-4085-a625-d7aaac7adc86,01/21/2021 22:00:00,Commonwealth Bank Services PMI,MEDIUM,AUD
b12b49f4-f3f2-4908-a604-46c8be9412ae,01/21/2021 22:00:00,Commonwealth Bank Manufacturing PMI,MEDIUM,AUD
635bf49c-f0cb-4054-80e9-5b7f861de6cd,01/21/2021 22:00:00,Commonwealth Bank Composite PMI,LOW,AUD
22fcaaf1-ccd7-41a6-bebb-3a32dddaf86a,01/21/2021 23:30:00,"National CPI ex Food, Energy (YoY)",MEDIUM,JPY
507668ff-a4ef-4b49-8e3e-a84d35188ba9,01/21/2021 23:30:00,National CPI ex-Fresh Food (YoY),MEDIUM,JPY
36b167e9-85c8-455c-92b6-56c4a3110a66,01/21/2021 23:30:00,National Consumer Price Index (YoY),MEDIUM,JPY
a626773d-e100-47b9-a488-2cbe280ae41e,01/22/2021 00:01:00,GfK Consumer Confidence,MEDIUM,GBP
38aa54dc-4afe-4063-bbb4-c9b5b0d526b5,01/22/2021 00:30:00,Jibun Bank Manufacturing PMI,LOW,JPY
f4f99156-774b-4988-8d53-9a6ef1573596,01/22/2021 00:30:00,Retail Sales s.a. (MoM),HIGH,AUD
cf8b27f3-2a85-4d97-bbca-ca059cfc51f4,01/22/2021 07:00:00,Public Sector Net Borrowing,LOW,GBP
a585ee7a-085d-4dc0-b1be-96a9bec62529,01/22/2021 07:00:00,Retail Sales ex-Fuel (MoM),MEDIUM,GBP
651a9e18-84b0-43dd-b17d-e7a2a1408b0c,01/22/2021 07:00:00,Retail Sales ex-Fuel (YoY),MEDIUM,GBP
5c5e5d86-2455-410b-9136-eb51a9818814,01/22/2021 07:00:00,Retail Sales (YoY),MEDIUM,GBP
bdce55ac-df5e-47b3-a625-86b63e9bec2d,01/22/2021 07:00:00,Retail Sales (MoM),MEDIUM,GBP
b20454c5-8370-418a-b22e-ae169c72f27d,01/22/2021 08:15:00,Markit Manufacturing PMI,MEDIUM,EUR
61dc22b1-a05a-4cc9-b5ad-688b17e95595,01/22/2021 08:15:00,Markit Services PMI,MEDIUM,EUR
6a8bcc3d-d173-402c-a35e-8aea05f153c8,01/22/2021 08:15:00,Markit PMI Composite,MEDIUM,EUR
26e5099c-582c-4827-a65e-7cf41cc6ae26,01/22/2021 08:30:00,Markit Manufacturing PMI,HIGH,EUR
de7341cf-a8be-4f58-a95a-774392c44734,01/22/2021 08:30:00,Markit Services PMI,MEDIUM,EUR
890505c3-b2d2-4ac0-9c42-59c2252aa045,01/22/2021 08:30:00,Markit PMI Composite,HIGH,EUR
9ce16480-9708-4252-9e69-188ab12549f5,01/22/2021 09:00:00,Markit Manufacturing PMI,MEDIUM,EUR
e8403f9d-5fc0-40cb-98c0-b55080094ab8,01/22/2021 09:00:00,Markit Services PMI,MEDIUM,EUR
937dec5a-3971-44bd-a85d-9f3d41e19321,01/22/2021 09:00:00,Markit PMI Composite,HIGH,EUR
be7d7db8-fabb-498b-8ab0-f59a83b2c9b6,01/22/2021 09:30:00,Markit Manufacturing PMI,MEDIUM,GBP
3f066de6-7e34-4953-99be-8505a7c6fc92,01/22/2021 09:30:00,Markit Services PMI,HIGH,GBP
53cf8849-9c79-4e25-a5d6-2edf8a078a5b,01/22/2021 13:30:00,Retail Sales ex Autos (MoM),MEDIUM,CAD
52d8f9d3-ccce-4144-bea2-0a57c1d96770,01/22/2021 13:30:00,Retail Sales (MoM),HIGH,CAD
34d1f785-9f28-43c5-bf7b-7530bceca1ee,01/22/2021 14:45:00,Markit Manufacturing PMI,MEDIUM,USD
5bf98b0d-f223-4e95-8f6b-2fdfc55c6b94,01/22/2021 14:45:00,Markit Services PMI,MEDIUM,USD
896bbe15-3c86-4b9c-abfb-e666be420ca8,01/22/2021 14:45:00,Markit PMI Composite,MEDIUM,USD
8dc9337a-4da9-431e-9cb5-a080afbe9886,01/22/2021 15:00:00,Existing Home Sales (MoM),LOW,USD
adf214f3-bbfe-417b-bba9-c226d112b15d,01/22/2021 15:00:00,Existing Home Sales Change (MoM),LOW,USD
a23d60f9-921d-4a7d-a412-32c5c8fc93df,01/22/2021 15:30:00,EIA Natural Gas Storage Change,LOW,USD
02a2f3e7-2880-4cca-b5b8-1ed2f1b91a01,01/22/2021 16:00:00,EIA Crude Oil Stocks Change,LOW,USD
ee240644-a293-484b-9397-819a12cc32f7,01/22/2021 18:00:00,Baker Hughes US Oil Rig Count,LOW,USD
a6b45224-2ccb-4902-a5c9-428205b333b7,01/22/2021 19:45:00,President Biden speech,HIGH,USD
05be20be-9c48-4e5b-8699-6e97fc0add3f,01/22/2021 20:30:00,CFTC Gold NC Net Positions,LOW,USD
b58b5af2-599a-42f5-b15a-3fc19a8fe0c6,01/22/2021 20:30:00,CFTC Oil NC Net Positions,LOW,USD
2212d6b3-1009-4165-8493-cfc911da16e9,01/22/2021 20:30:00,CFTC S&P 500 NC Net Positions,LOW,USD
c60efebf-d4f4-44a2-802e-7373111dc881,01/22/2021 20:30:00,CFTC GBP NC Net Positions,LOW,GBP
a2db953c-edd1-4273-9d76-742024240157,01/22/2021 20:30:00,CFTC JPY NC Net Positions,LOW,JPY
be0794fa-aba5-49f4-bd16-8c1aa3ad81c1,01/22/2021 20:30:00,CFTC EUR NC Net Positions,LOW,EUR
99e4589e-e9ee-465c-a107-c30f94a87c8e,01/22/2021 20:30:00,CFTC AUD NC Net Positions,LOW,AUD
ce2d6ac0-9d8d-42ae-bb78-c922d3ed26af,01/24/2021 23:00:00,World Economic Forum - Davos,MEDIUM,CHF
1fb388b2-2b44-4cef-b0d2-b0e949542872,01/25/2021 08:45:00,ECB's President Lagarde speech,HIGH,EUR
a20492cf-bc27-4057-8e2c-dec382fc2178,01/25/2021 09:00:00,IFO – Business Climate,MEDIUM,EUR
e005f6d6-885d-4be0-bccc-ce3eb8aebcb6,01/25/2021 09:00:00,IFO – Current Assessment,MEDIUM,EUR
745dba00-2732-46ae-9cf2-922315d5fdb7,01/25/2021 09:00:00,IFO – Expectations,MEDIUM,EUR
0b746e0a-ccc4-46a4-bf8b-ed41cf629e7a,01/25/2021 13:30:00,"Chicago Fed National Activity Index ",MEDIUM,USD
41ab5422-bb3c-4670-bb4a-76b19507d5f0,01/25/2021 13:45:00,ECB's Lane speech,MEDIUM,EUR
60e4e2f0-11e4-46f1-b3ae-e8521ba1a51e,01/25/2021 14:00:00,Australia Day,NONE,AUD
dad400f9-1efa-4004-ad96-a094e700efa3,01/25/2021 14:45:00,German Buba President Weidmann speech,MEDIUM,EUR
3f6f0477-d1a6-4910-879a-d72743ec6782,01/25/2021 15:30:00,Dallas Fed Manufacturing Business Index,LOW,USD
13de2ca9-31c4-4f7f-b2b4-2d6d5cfd0c3d,01/25/2021 16:15:00,ECB's President Lagarde speech,HIGH,EUR
9885c3e0-a126-4eb0-9b39-92a56f58a280,01/25/2021 16:30:00,3-Month Bill Auction,LOW,USD
f7a54413-5747-4b5a-b7b4-157d75dd5da3,01/25/2021 16:30:00,6-Month Bill Auction,LOW,USD
f40d5ec1-31eb-4c04-bb7b-dbaa1402b919,01/25/2021 17:00:00,BoE's Governor Bailey speech,HIGH,GBP
b50b4a15-c1de-4c0f-acc3-6cebd623447a,01/25/2021 18:00:00,2-Year Note Auction,LOW,USD
814e0935-f648-4ae4-a08e-799849db6396,01/25/2021 20:45:00,President Biden speech,HIGH,USD
5423b0d0-8ec1-41bf-80e1-fd1089a88520,01/25/2021 21:30:00,Business NZ PSI,LOW,NZD
f63e1d7e-9bc8-44f1-b803-c6c0b7113481,01/25/2021 23:00:00,World Economic Forum - Davos,MEDIUM,CHF
13dde2ec-7d3e-4cf1-8c57-97bf29d5dcf9,01/25/2021 23:50:00,BoJ Monetary Policy Meeting Minutes,HIGH,JPY
7d3bb212-c824-4fcb-8d96-f2a7546d4c8d,01/25/2021 23:50:00,Corporate Service Price Index (YoY),LOW,JPY
8f0a3d33-6b26-43b0-a0ad-8b8977f90a18,01/26/2021 07:00:00,Claimant Count Rate,MEDIUM,GBP
7851cbcb-b74b-4eec-8c8c-4d35b7e99c5e,01/26/2021 07:00:00,Claimant Count Change,HIGH,GBP
3cae0b9e-19ab-44b9-89e1-eb625a86bd9a,01/26/2021 07:00:00,ILO Unemployment Rate (3M),HIGH,GBP
e0a12769-34da-4ffa-aa21-5dc221d26cd8,01/26/2021 07:00:00,Average Earnings Including Bonus (3Mo/Yr),MEDIUM,GBP
6a469119-87dc-4311-a5bb-2dacb8e891ac,01/26/2021 07:00:00,Average Earnings Excluding Bonus (3Mo/Yr),MEDIUM,GBP
8d138e98-1fe7-4008-9d19-31e65350b498,01/26/2021 10:30:00,30-y Bond Auction,LOW,GBP
f9ced8de-d2e4-4081-80cd-ca5d0482a50b,01/26/2021 13:55:00,Redbook Index (YoY),LOW,USD
c45a2abc-645b-48a1-870e-f35bdb38331c,01/26/2021 13:55:00,Redbook Index (MoM),LOW,USD
13d1ad83-91b3-45d5-a99a-9a4faf4735e8,01/26/2021 14:00:00,Housing Price Index (MoM),MEDIUM,USD
c2179313-2c74-4d4e-bf1c-0b67dfb42b60,01/26/2021 14:00:00,S&P/Case-Shiller Home Price Indices (YoY),MEDIUM,USD
af3552bb-a7fd-4fcd-991a-673ba9e51ef8,01/26/2021 15:00:00,Richmond Fed Manufacturing Index,LOW,USD
d5eac08b-7d43-4b71-adf1-071331758f51,01/26/2021 15:00:00,Consumer Confidence,MEDIUM,USD
aa348743-be32-43f9-b42b-e86ea0943576,01/26/2021 16:30:00,52-Week Bill Auction,LOW,USD
bc1fa385-1af0-4a55-af83-543c887a765a,01/26/2021 17:45:00,UK Prime Minister Boris Johnson speech,HIGH,GBP
69c710b1-87ed-43ae-b733-5a81ad868430,01/26/2021 18:00:00,5-Year Note Auction,LOW,USD
88b257e1-490b-43d5-bbdd-309b6e1ebc27,01/26/2021 21:30:00,API Weekly Crude Oil Stock,LOW,USD
8b20452d-5eca-4941-8b33-cdc8671a65ac,01/26/2021 21:45:00,President Biden speech,HIGH,USD
f753306a-80f5-4b13-a82e-93cd4a46fa71,01/26/2021 23:00:00,World Economic Forum - Davos,MEDIUM,CHF
1114e117-3667-4f9c-a241-ea6bd82b8456,01/26/2021 23:30:00,Westpac Leading Index (MoM),MEDIUM,AUD
d7aaa4ae-02c4-4381-bce4-10f73c4eeef9,01/27/2021 00:30:00,RBA Trimmed Mean CPI (QoQ),HIGH,AUD
7d989b9f-4e08-435b-9dbe-b390e42fc07a,01/27/2021 00:30:00,Consumer Price Index (YoY),MEDIUM,AUD
42b2f3c9-2c87-47f2-bb67-4122082f05af,01/27/2021 00:30:00,National Australia Bank's Business Confidence,LOW,AUD
714da6b3-a5d7-420a-a865-a4489369bb48,01/27/2021 00:30:00,RBA Trimmed Mean CPI (YoY),LOW,AUD
59b52b26-4fc5-4954-bc64-c3ed9e0bdc6b,01/27/2021 00:30:00,Consumer Price Index (QoQ),HIGH,AUD
c1fd8770-91ef-4998-97b1-81b9be246959,01/27/2021 00:30:00,National Australia Bank's Business Conditions,LOW,AUD
60b35fd1-0db5-49d9-a47a-057c56ebabc0,01/27/2021 05:00:00,Coincident Index,LOW,JPY
66c06502-e660-443d-8c03-8359bf084fef,01/27/2021 05:00:00,Leading Economic Index,MEDIUM,JPY
0c24787f-54e8-4197-b540-0568044f76aa,01/27/2021 07:00:00,Gfk Consumer Confidence Survey,MEDIUM,EUR
88e9dc39-536d-4046-818b-2f9a86db8c9d,01/27/2021 07:45:00,Consumer Confidence,LOW,EUR
e879cbf4-f809-4501-a941-0b0440393918,01/27/2021 09:00:00,Trade Balance non-EU,LOW,EUR
d2c98072-74cf-457e-9b15-48628c21f8dc,01/27/2021 09:00:00,ZEW Survey – Expectations,MEDIUM,CHF
4a8199d6-6bcf-4131-bef1-2622b418c047,01/27/2021 10:30:00,10-y Bond Auction,MEDIUM,EUR
c4637acb-f0b0-4d78-a403-ceba21b1f2d3,01/27/2021 12:00:00,MBA Mortgage Applications,LOW,USD
9b2cb1c8-8483-4867-9e67-533b86a3af4b,01/27/2021 13:30:00,Durable Goods Orders ex Transportation,MEDIUM,USD
37859ebd-c593-40c8-a846-5da1ea6993a8,01/27/2021 13:30:00,Durable Goods Orders ex Defense,MEDIUM,USD
923b778b-327f-4403-8f04-6c49a8cc6c13,01/27/2021 13:30:00,Durable Goods Orders,HIGH,USD
23ecda14-74cd-48db-824f-269515045476,01/27/2021 13:30:00,Nondefense Capital Goods Orders ex Aircraft,HIGH,USD
45ce01d9-6358-47dd-9394-b111da3e9069,01/27/2021 15:00:00,ECB's Lane speech,MEDIUM,EUR
88320e36-87a7-4509-badd-04964dccccc3,01/27/2021 15:30:00,EIA Crude Oil Stocks Change,LOW,USD
a2dcd67d-1086-4987-8e04-67837a160158,01/27/2021 19:00:00,Fed Interest Rate Decision,HIGH,USD
b2cd5b3c-98bf-45bd-90cf-18ebb31a823b,01/27/2021 19:00:00,Fed's Monetary Policy Statement,HIGH,USD
9231f84b-43d4-429e-8d7d-85d57419d0e4,01/27/2021 19:30:00,FOMC Press Conference,HIGH,USD
2b699e9c-0ca6-4df7-a0b4-fa84f3bfea50,01/27/2021 21:45:00,Trade Balance NZD (YoY),LOW,NZD
04c57607-08da-40c7-95ab-3bf9875914ed,01/27/2021 21:45:00,Exports,LOW,NZD
53381369-9268-410d-bb8c-ccd1ec48e7a8,01/27/2021 21:45:00,Imports,LOW,NZD
284f2799-5cc1-4644-a09b-79391cfcbe3d,01/27/2021 21:45:00,Trade Balance NZD (MoM),LOW,NZD
712f8232-fdc6-488e-97fc-aa08ce3e6834,01/27/2021 23:00:00,World Economic Forum - Davos,MEDIUM,CHF
162b0640-5180-463a-8169-21810f8fb7c6,01/27/2021 23:50:00,Retail Trade s.a (MoM),MEDIUM,JPY
0d5b71ef-02f6-4f41-ae27-fef19e85a485,01/27/2021 23:50:00,Retail Trade (YoY),MEDIUM,JPY
c8ce0ec4-2867-4565-9301-fab908464cd6,01/27/2021 23:50:00,Large Retailer Sales,MEDIUM,JPY
a6631951-5350-42b5-9027-d1cb5f6528c3,01/27/2021 23:50:10,Foreign Investment in Japan Stocks,LOW,JPY
0905a328-1f6b-4e12-8a24-f25c277c7a57,01/27/2021 23:50:10,Foreign Bond Investment,LOW,JPY
c60478bd-9fce-48e2-bdee-8addef59b25f,01/28/2021 00:30:00,Import Price Index (QoQ),LOW,AUD
bcc95a16-caf2-4917-805f-340044e1be2f,01/28/2021 00:30:00,Export Price Index (QoQ),LOW,AUD
3039f2a5-c78a-46a2-88fc-d56964f22efb,01/28/2021 07:00:00,Trade Balance,LOW,CHF
7d9dc65a-6754-468b-a2ed-37c5fe28575c,01/28/2021 07:00:00,Exports (MoM),LOW,CHF
084e4c47-c594-4ff2-9809-daf34dccea29,01/28/2021 07:00:00,Imports (MoM),LOW,CHF
74e7d59d-3aad-496f-9fdd-52dadb06e409,01/28/2021 08:00:00,Unemployment Survey,LOW,EUR
c1fe1ec4-cb1c-4cde-aacc-b88414474992,01/28/2021 09:00:00,Business Confidence,LOW,EUR
adf80090-1dd8-476a-a71f-0d2eff072715,01/28/2021 09:00:00,Consumer Confidence,LOW,EUR
a7bed59c-cc14-4c6e-a061-f6667eae9543,01/28/2021 10:00:00,Services Sentiment,LOW,EUR
a4064668-2d71-439e-af83-8e7aab90cff5,01/28/2021 10:00:00,Consumer Confidence,MEDIUM,EUR
9846ddb4-9f5e-4740-b71d-2d46c9404781,01/28/2021 10:00:00,Industrial Confidence,LOW,EUR
abd114f7-8307-4e71-9537-59776e0b3f89,01/28/2021 10:00:00,Business Climate,MEDIUM,EUR
6c0a2110-28b6-4536-9b9c-67c8140a4587,01/28/2021 10:00:00,Economic Sentiment Indicator,LOW,EUR
ac7071a7-e7d3-4444-b854-9b44cfec90a3,01/28/2021 10:30:00,5-y Bond Auction,LOW,EUR
6b9b07ad-96d0-4805-b9a8-949ccfd2ea97,01/28/2021 10:30:00,10-y Bond Auction,LOW,EUR
56169440-1158-40a9-bdc5-14c4c568ff29,01/28/2021 13:00:00,Consumer Price Index (YoY),LOW,EUR
e5542129-5b6e-4902-abe3-71b8b09e90d9,01/28/2021 13:00:00,Consumer Price Index (MoM),LOW,EUR
9c97f831-96aa-49af-9e2f-4f83014db780,01/28/2021 13:00:00,Harmonized Index of Consumer Prices (YoY),HIGH,EUR
d0043934-baf1-480d-857b-2391e117ea79,01/28/2021 13:00:00,Harmonized Index of Consumer Prices (MoM),LOW,EUR
82adcfd5-9a08-43fd-a09f-4af149dcb54e,01/28/2021 13:30:00,Core Personal Consumption Expenditures (QoQ),MEDIUM,USD
95a844cc-8443-49dc-a2ed-ed7b4a50c3a6,01/28/2021 13:30:00,Wholesale Inventories,LOW,USD
10f429a0-ac32-4766-8865-8dac622263cf,01/28/2021 13:30:00,Continuing Jobless Claims,MEDIUM,USD
fb087883-48bb-4d95-b0b0-ecd2a2024eb7,01/28/2021 13:30:00,Gross Domestic Product Price Index,MEDIUM,USD
24811006-7ffa-42ea-b54a-c87571a4cea2,01/28/2021 13:30:00,Goods Trade Balance,LOW,USD
17e46fdc-0796-4855-a860-3f6d2750ee4f,01/28/2021 13:30:00,Personal Consumption Expenditures Prices (QoQ),MEDIUM,USD
ca74ba0b-33f8-46b5-9461-39e8a4766cc2,01/28/2021 13:30:00,Initial Jobless Claims,MEDIUM,USD
ea7d98ee-6eb3-4522-a4b2-0b41e4185d75,01/28/2021 13:30:00,Initial Jobless Claims 4-week average,MEDIUM,USD
8091db1b-8547-4325-a4e2-e53343427e73,01/28/2021 13:30:00,Gross Domestic Product Annualized,HIGH,USD
3f510fc1-6b6a-4f76-8b2d-ac2c727ef0af,01/28/2021 13:30:00,Building Permits (MoM),LOW,CAD
f1943b06-8779-4efd-be5f-eff49628ed9e,01/28/2021 15:00:00,New Home Sales (MoM),MEDIUM,USD
b361df75-d4ca-45d4-972d-b3f83c69d37e,01/28/2021 15:00:00,New Home Sales Change (MoM),LOW,USD
bc6c9d08-3137-42a1-9593-2a292c469e75,01/28/2021 15:30:00,EIA Natural Gas Storage Change,LOW,USD
0dcf4840-5b39-48d0-adfd-b04a9d01fc30,01/28/2021 16:00:00,Kansas Fed Manufacturing Activity,LOW,USD
3595422b-8faf-47f5-8e4b-aa234fd23581,01/28/2021 16:30:00,4-Week Bill Auction,LOW,USD
08710e1e-6039-4183-af42-83ec369cb46f,01/28/2021 17:15:00,ECB's Schnabel speech,MEDIUM,EUR
2f55fff0-f673-4550-9353-0551a47b5390,01/28/2021 18:00:00,7-Year Note Auction,LOW,USD
a1d96e01-1a71-47f5-9ebe-8ef766b6a696,01/28/2021 21:00:00,ANZ – Roy Morgan Consumer Confidence,MEDIUM,NZD
373065b3-1158-453c-b49a-4cbc35604e0a,01/28/2021 23:00:00,World Economic Forum - Davos,MEDIUM,CHF
922cd00c-8192-4663-a659-d8a89f1b9a96,01/28/2021 23:30:00,Tokyo CPI ex Fresh Food (YoY),MEDIUM,JPY
c59bd0b0-7ded-4eaf-b9e0-b5d27011976d,01/28/2021 23:30:00,Jobs / Applicants Ratio,MEDIUM,JPY
d42237a1-c25c-44af-a581-8bfbab8f650d,01/28/2021 23:30:00,Tokyo Consumer Price Index (YoY),MEDIUM,JPY
a3346b81-d7ee-481d-87b0-cc386835be45,01/28/2021 23:30:00,"Tokyo CPI ex Food, Energy (YoY)",MEDIUM,JPY
1dcead38-a4cd-4867-ac5e-956cf0d10881,01/28/2021 23:30:00,Unemployment Rate,MEDIUM,JPY
ef5bb8e6-6fc6-494d-b349-276b8c917ded,01/28/2021 23:50:00,Industrial Production (YoY),MEDIUM,JPY
f8903aa5-dcbd-4d82-ade4-f9efb6348770,01/28/2021 23:50:00,BoJ Summary of Opinions,LOW,JPY
6fca172b-820e-44bd-8550-f206dee5c025,01/28/2021 23:50:00,Industrial Production (MoM),LOW,JPY
2bc7515c-27cd-413a-84ab-5e5253960b8a,01/29/2021 00:30:00,Private Sector Credit (MoM),LOW,AUD
e03563c4-da78-49e5-9776-7f3043e4f6e5,01/29/2021 00:30:00,Private Sector Credit (YoY),LOW,AUD
89ba9209-fe0b-47e7-a0c7-744e0277c7de,01/29/2021 00:30:00,Producer Price Index (YoY),LOW,AUD
aeb46f79-d78e-4c91-9415-0028a2b968e4,01/29/2021 00:30:00,Producer Price Index (QoQ),LOW,AUD
ac3e1f1d-4145-4e17-b6e3-c78aced24312,01/29/2021 05:00:00,Construction Orders (YoY),LOW,JPY
b3781338-e4d5-4e2c-8848-bf76afa20b2f,01/29/2021 05:00:00,Housing Starts (YoY),LOW,JPY
c49868ec-ab81-401c-bee0-c822c3324aef,01/29/2021 05:00:00,Consumer Confidence Index,LOW,JPY
b9da40ab-32e2-4346-8f60-c9875cb19dbe,01/29/2021 05:00:00,Annualized Housing Starts,LOW,JPY
4c3fe77d-7796-4d44-bb23-560b3acf29d5,01/29/2021 06:30:00,Gross Domestic Product (QoQ),MEDIUM,EUR
14f52070-cc76-4173-8ec3-759df14f7164,01/29/2021 06:30:00,Consumer Spending (MoM),LOW,EUR
6c9a9367-ae09-45de-bba9-3923f92019a0,01/29/2021 07:00:00,Import Price Index (MoM),LOW,EUR
004269a1-b0d4-4a1a-983f-6b8d9a00c64c,01/29/2021 07:00:00,Import Price Index (YoY),LOW,EUR
c7b8b478-9c9d-462b-8175-6ccaeccb2397,01/29/2021 07:45:00,Producer Prices (MoM),LOW,EUR
43ef1cd4-88f4-4f6c-bf4e-dd99e3826883,01/29/2021 08:00:00,Retail Sales (YoY),LOW,EUR
68bdc3f7-fe8c-43e1-bc37-87f131c60713,01/29/2021 08:00:00,HICP (YoY),LOW,EUR
3fe2ebe2-64a9-4e40-acee-acbf7b5663e6,01/29/2021 08:00:00,HICP (MoM),LOW,EUR
1eb5ff37-e8e4-4a87-8a57-622e5c85ecce,01/29/2021 08:00:00,Gross Domestic Product - Estimated (QoQ),LOW,EUR
8177a51d-9d15-4101-b6f3-c19d13198193,01/29/2021 08:00:00,Consumer Price Index (MoM),LOW,EUR
b1c1b7aa-389d-43c2-ade0-9032fb7537c1,01/29/2021 08:00:00,Gross Domestic Product - Estimated (YoY),LOW,EUR
de3aeac2-4aa3-4ed5-a4e1-9174e5c8647f,01/29/2021 08:00:00,Consumer Price Index (YoY),LOW,EUR
999bbb04-6343-4dfb-b865-32212164d117,01/29/2021 08:00:00,KOF Leading Indicator,MEDIUM,CHF
281f011f-579d-4aa6-ae93-42316c3dafdf,01/29/2021 08:55:00,Unemployment Rate s.a.,MEDIUM,EUR
882b95de-2ec9-449e-818e-ff16d6aa3b07,01/29/2021 08:55:00,Unemployment Change,MEDIUM,EUR
5a64897a-e61a-454a-bcb1-c3a46c1c0466,01/29/2021 09:00:00,Producer Price Index (YoY),LOW,EUR
813ef72d-dd9b-4162-84ef-36d4729eeb2b,01/29/2021 09:00:00,Producer Price Index (MoM),LOW,EUR
48861e92-87fa-4953-be0c-9ab7205fe7f6,01/29/2021 09:00:00,Current Account Balance,LOW,EUR
ec0aa5eb-9bb0-4858-bdc5-3f629a178699,01/29/2021 09:00:00,Private Loans (YoY),LOW,EUR
a60a4e9d-b744-42d1-aa7a-98b0ead0df78,01/29/2021 09:00:00,M3 Money Supply (3m),LOW,EUR
07a67356-3345-4772-87d2-af9121ab8fae,01/29/2021 09:00:00,M3 Money Supply (YoY),LOW,EUR
29c9128d-3f13-4222-ad48-868c1e37ee24,01/29/2021 09:00:00,Gross Domestic Product w.d.a (YoY),MEDIUM,EUR
dd9f4b26-1ff4-4f18-bfa5-b945695517ab,01/29/2021 09:00:00,Gross Domestic Product (QoQ),HIGH,EUR
babdf20d-64b2-4656-bbda-db24fe081d7d,01/29/2021 09:00:00,Gross Domestic Product (YoY),MEDIUM,EUR
11b85c0f-0237-4d5f-beef-54edee2d23e9,01/29/2021 13:30:00,Personal Consumption Expenditures - Price Index (YoY),LOW,USD
1c51d034-44f1-4934-8abe-ca74f1287756,01/29/2021 13:30:00,Core Personal Consumption Expenditure - Price Index (MoM),MEDIUM,USD
0e45cc83-a70b-4ec9-8e34-326103b5fb52,01/29/2021 13:30:00,Personal Income (MoM),MEDIUM,USD
f97cbff8-b3fd-43e2-af1e-69f6c9462670,01/29/2021 13:30:00,Personal Consumption Expenditures - Price Index (MoM),LOW,USD
55c07aac-f3e6-4916-9189-f722a92a36ac,01/29/2021 13:30:00,Employment Cost Index,LOW,USD
feb80687-8550-4dfb-b9b6-847339ad8e0b,01/29/2021 13:30:00,Personal Spending,MEDIUM,USD
9edad60f-f829-40de-b869-61397b4dee63,01/29/2021 13:30:00,Core Personal Consumption Expenditure - Price Index (YoY),MEDIUM,USD
93d3fe3c-6500-4eb2-9b14-46217171b74b,01/29/2021 13:30:00,Raw Material Price Index,LOW,CAD
6e4bf09c-9f68-4220-8819-c512a8e55e28,01/29/2021 13:30:00,Industrial Product Price (MoM),LOW,CAD
1853f8a6-c8f8-4e06-9392-7e40bd3f9e21,01/29/2021 13:30:00,Gross Domestic Product (MoM),MEDIUM,CAD
030498c8-32ec-42dd-ab84-5eab9b13de39,01/29/2021 14:45:00,Chicago Purchasing Managers' Index,MEDIUM,USD
a55f6ed1-0dd1-4218-a0a3-fc10b3307bf4,01/29/2021 15:00:00,Michigan Consumer Sentiment Index,MEDIUM,USD
965ba718-9d47-4c3d-a413-833e24667507,01/29/2021 15:00:00,Pending Home Sales (YoY),LOW,USD
bcfddac7-545f-425b-bb5e-3ca10aa53ba7,01/29/2021 15:00:00,Pending Home Sales (MoM),MEDIUM,USD
9a249db5-1a07-4325-a2ca-bd8b66bd33a8,01/29/2021 18:00:00,Fed's Kaplan speech,MEDIUM,USD
0c8a01d8-10ec-4f77-802c-4caa87aa0ff6,01/29/2021 18:00:00,Baker Hughes US Oil Rig Count,LOW,USD
b09f2d19-57ae-4a1b-b760-3980eb4f3676,01/29/2021 20:30:00,CFTC Gold NC Net Positions,LOW,USD
368a9ee7-102e-4cd4-9c77-66474ead1b01,01/29/2021 20:30:00,CFTC Oil NC Net Positions,LOW,USD
7d875be3-1959-4f62-a85c-d3d78ba430b0,01/29/2021 20:30:00,CFTC S&P 500 NC Net Positions,LOW,USD
3433e2d2-ae10-432a-afc9-3a452d72e471,01/29/2021 20:30:00,CFTC GBP NC Net Positions,LOW,GBP
32f34914-e132-4480-baab-47a71053b271,01/29/2021 20:30:00,CFTC JPY NC Net Positions,LOW,JPY
4fe27fec-2edb-4283-a0c4-e46e254b133c,01/29/2021 20:30:00,CFTC EUR NC Net Positions,LOW,EUR
89493743-0895-42ed-b617-6c8241017e38,01/29/2021 20:30:00,CFTC AUD NC Net Positions,LOW,AUD
f4e3b506-c682-4eb5-bf30-da0064a97d9a,01/29/2021 21:00:00,Fed's Kaplan speech,MEDIUM,USD
1ba4fdcf-d36f-43d1-8cce-72f63d463b02,01/29/2021 22:25:00,Fed's Daly speech,MEDIUM,USD
ad330d00-0641-4cbc-bcc4-baf55038e9b9,01/31/2021 01:00:00,Non-Manufacturing PMI,HIGH,CNY
e8ae86b5-ef30-4e53-be4d-c88cf19967b2,01/31/2021 01:00:00,NBS Manufacturing PMI,HIGH,CNY
45f4099c-7633-4186-8b5b-631672e5feb8,01/31/2021 21:30:00,AiG Performance of Mfg Index,MEDIUM,AUD
